url;meta
https://uatp4auc.economiedenergie.fr/actualites/astuces-deco-meilleure-isolation-thermique-acoustique/;L'hiver va être froid et vous devez faire des économies d'énergie ? Voici nos idées et astuces déco pour une meilleure isolation thermique et acoustique.
https://uatp4auc.economiedenergie.fr/actualites/Certificats-d-economie-d-energie-des-objectifs-revus-a/;Les objectifs de la 5e période des certificats d'économie d'énergie 2022-2025 ont été revus à la hausse. Décryptage.
https://uatp4auc.economiedenergie.fr/actualites/coefficient-uw-bien-choisir-fenetres/;Le coefficient Uw des fenêtres définit la performance thermique. Les coefficients Sw ou Ug sont aussi importants. Conseils pour bien choisir ses fenêtres.
https://uatp4auc.economiedenergie.fr/actualites/comment-bien-isoler-conduit-cheminee/;Comment bien isoler un conduit de cheminée ou de poêle ? Nos conseils pour améliorer le confort de votre maison en toute sécurité.
https://uatp4auc.economiedenergie.fr/actualites/Comment-cacher-le-chauffe-eau-nos-astuces-deco-pour-la/;Comment cacher un chauffe-eau dans une cuisine ou une salle de bains ? Rideau, placard, etc. : toutes nos astuces déco pour cacher le chauffe-eau.
https://uatp4auc.economiedenergie.fr/actualites/comment-declarer-poele-a-bois/;MaPrimeRénov' remplace le crédit d'impôt depuis le 1er janvier 2021. Peut-on encore déclarer un poêle à bois installé en 2020 pour toucher le CITE 2021 ?
https://uatp4auc.economiedenergie.fr/actualites/evenement-developpement-durable/;Semaine Européenne du Développement Durable : la prime Eco-Energie Auchan vous aide à avoir une consommation énergétique plus vertueuse
https://uatp4auc.economiedenergie.fr/actualites/fin-chauffage-gaz-report-2022/;La fin du chauffage au gaz s'applique depuis le 1er janvier 2022 au lieu du 1er juillet 2021 dans les constructions neuves. Décryptage.
https://uatp4auc.economiedenergie.fr/actualites/financement-travaux-copropriete/;Le financement des travaux de rénovation énergétique des copropriétés est un casse-tête. Il existe des aides à la rénovation énergétique des copropriétés.
https://uatp4auc.economiedenergie.fr/actualites/infographie-top-3-travaux-renovation/;Voici l'infographie du Top 3 des travaux de rénovation énergétique donnant droit à la Prime Eco Energie Auchan avec économie générée et montant de prime.
https://uatp4auc.economiedenergie.fr/actualites/label-BBC-principes-declinaisons/;Le label BBC valorise les bâtiments répondant aux normes basse consommation du référentiel BBC. Découvrez les principes et déclinaisons du label BBC.
https://uatp4auc.economiedenergie.fr/actualites/loi-agec-consequence-renovation/;Lutte contre les dépôts sauvages de déchets de chantier, réemploi de matériaux, mise en place de filières de recyclage : les conséquences de la loi AGEC
https://uatp4auc.economiedenergie.fr/actualites/Loi-Climat-et-Resilience-toutes-les-infos-a-retenir/;Consommer, se déplacer, se loger, se nourrir : la loi Climat et Résilience aborde tous les aspects de la transition énergétique. Les infos à retenir.
https://uatp4auc.economiedenergie.fr/actualites/lutter-contre-passoires-thermiques-conseils/;Votre logement ancien est froid en hiver et chaud en été ? Vous êtes sûrement dans une passoire thermique. De quoi s'agit-il et comment y remédier ?
https://uatp4auc.economiedenergie.fr/actualites/Ma-Prime-Renov-conseils-et-astuces-pour-en-beneficier/;Née en 2020, la prime de transition énergétique a évolué avec le plan de relance. Pour éviter un refus de MaPrimeRénov', nos conseils et astuces à suivre.
https://uatp4auc.economiedenergie.fr/actualites/non-soumis-dpe-cest-quoi/;L'annonce d'un bien à louer indique Non soumis à DPE. C'est quoi le DPE (diagnostic de performance énergétique) ? Tous les biens sont-ils soumis ?
https://uatp4auc.economiedenergie.fr/actualites/Passoires-thermiques-interdites-a-la-location-des/;Les passoires thermiques seront interdites à la location en 2028. Quelles sont les exceptions prévues à l'interdiction de location.
https://uatp4auc.economiedenergie.fr/actualites/penurie-matiere-premiere-batiment/;La pénurie des matières premières et la hausse des prix impactent le secteur du bâtiment. Quelles sont les conséquences pour vos travaux d'isolation ?
https://uatp4auc.economiedenergie.fr/actualites/pompe-a-chaleur-thermique-comment-ca-marche/;La PAC géothermique permet de chauffer la maison et produire l'eau chaude sanitaire. La pompe à chaleur géothermique, comment ça marche ?
https://uatp4auc.economiedenergie.fr/actualites/prise-en-charge-travaux-energetique/;La prise en charge des travaux énergétiques revient-elle au propriétaire ou au locataire ? Découvrez qui fait quoi entre le propriétaire et le locataire.
https://uatp4auc.economiedenergie.fr/actualites/puissance-chaudiere/;Pour remplacer votre vieille chaudière vous avez choisi l'énergie bois. Comment calculer la puissance de sa chaudière bois pour le meilleur confort ?
https://uatp4auc.economiedenergie.fr/actualites/Quels-travaux-privilegier-pendant-l-ete-pour-plus-de/;L'été est le moment d'effectuer des travaux. Par quoi commencer ? Quels travaux privilégier pendant l'été pour plus de confort et moins de chauffage
https://uatp4auc.economiedenergie.fr/actualites/quels-travaux-renovation-faut-il-declarer/;Déclaration préalable de travaux, permis de construire, quels travaux sont à déclarer avant de les commencer pour respecter les règles d'urbanisme ?
https://uatp4auc.economiedenergie.fr/actualites/RE2020-quel-chauffage-maison-neuve/;La réglementation RE 2020 repose la question du mode de chauffage dans une maison neuve. Quel chauffage pourra être installé avec la RE 2020 ?
https://uatp4auc.economiedenergie.fr/actualites/Reduction-de-l-empreinte-carbone-des-pistes-concretes/;Baisser le chauffage d'1°C et recycler ses déchets, c'est que le premier pas vers une réduction de son empreinte carbone. Les pistes concrètes pour agir.
https://uatp4auc.economiedenergie.fr/actualites/Reglementation-environnementale-2020-le-guide-pour/;Le 1er janvier 2022, les constructions devront respecter la nouvelle réglementation environnementale 2020. Découvrez le guide de la nouvelle RE 2020.
https://uatp4auc.economiedenergie.fr/aide/attestation-sur-l-honneur/article/l-aft-stipule-que-je-ne-dois-pas/;Attestation sur l'honneur prime éco énergie : puis-je en signer une deuxième avec un autre fournisseur d'énergie pour les CEE ? Auchan vous répond.
https://uatp4auc.economiedenergie.fr/aide/attestation-sur-l-honneur/Je-n-ai-pas-d-imprimante/;Attestation sur l'honneur prime éco énergie Auchan : pouvez-vous me l'envoyer par courrier ? Pas d'imprimante ? Découvrez comment faire pour l'obtenir.
https://uatp4auc.economiedenergie.fr/aide/attestation-sur-l-honneur/Je-souhaite-obtenir-une-Attestation-sur-l-Honneur/;Attestation sur l'honneur prime éco énergie Auchan : découvrez s'il est possible d'en obtenir une vierge, non pré-remplie ainsi que comment l'obtenir.
https://uatp4auc.economiedenergie.fr/aide/attestation-sur-l-honneur/Le-telechargement-de-l-Attestation-sur-l-Honneur-ne/;Je n'arrive pas à télécharger l'attestation sur l'honneur prime éco énergie : Auchan vous dépanne et vous explique en détail comment l'obtenir.
https://uatp4auc.economiedenergie.fr/aide/attestation-sur-l-honneur/Ou-la-telecharger/;Attestation sur l'honneur prime éco énergie Auchan , où et comment puis-je la télécharger ? Découvrez la réponse sur Prime Eco Energie Auchan.
https://uatp4auc.economiedenergie.fr/aide/attestation-sur-l-honneur/Qu-est-ce-qu-une-Attestation-sur-l-honneur-originale/;"Qu'est-ce qu'une attestation sur l'honneur prime éco énergie Auchan originale ? Découvrez ce que signifie ""originale"" sur Prime Auchan Eco Energie."
https://uatp4auc.economiedenergie.fr/aide/attestation-sur-l-honneur/Qu-est-ce-qu-une-attestation-sur-l-honneur/;Qu'est-ce que l'attestation sur l'honneur prime éco énergie Auchan ? Nous vous expliquons de quoi il s'agit et comment ça marche juste ici.
https://uatp4auc.economiedenergie.fr/aide/Comment-beneficier-de-la-prime-636/;Prime éco énergie Auchan : quelles sont les étapes pour l'obtenir ? Auchan vous dévoile tout, de votre inscription au versement de la prime.
https://uatp4auc.economiedenergie.fr/aide/Comment-creer-mon-dossier-travaux/;Prime éco énergie Auchan : comment créer mon dossier travaux ? Cliquez pour avoir toutes les étapes de la création de votre dossier.
https://uatp4auc.economiedenergie.fr/aide/Comment-m-inscrire/;Prime éco énergie Auchan : quand et comment m'inscrire ? Voici toutes les étapes pour vous inscrire et toutes les informations utiles.
https://uatp4auc.economiedenergie.fr/aide/Comment-me-sera-versee-ma-prime/;Vous vous êtes inscrit sur le site Prime Energie et avez fait une demande de prime éco énergie ? Découvrez comment sera versée la prime.
https://uatp4auc.economiedenergie.fr/aide/Comment-savoir-si-l-artisan-que-j-ai-choisi-est-un-641/;Vous avez un doute sur la qualificiation RGE de l'artisan que vous avez choisi. Retrouvez tous les critères pour savoir s'il possède le bon label.
https://uatp4auc.economiedenergie.fr/aide/Comment-telecharger-mon-Attestation-sur-l-Honneur/;Découvrez comment télécharger l'attestation sur l'honneur à remplir pour compléter votre dossier de prime éco énergie Auchan pour vos travaux.
https://uatp4auc.economiedenergie.fr/aide/gerer-votre-dossier-et-vos-donnees-personnelles/Comment-puis-je-modifier-mes-donnees-personnelles/;Dossier de prime éco énergie Auchan : retrouvez les étapes pour modifier vos données personnelles dans l'onglet Mon Compte du site d'Auchan Energies.
https://uatp4auc.economiedenergie.fr/aide/gerer-votre-dossier-et-vos-donnees-personnelles/Je-me-suis-trompe-j-ai-cree-deux-fois-le-meme-dossier/;Dossier Prime éco énergie Auchan : comment supprimer un dossier créé en doublon par erreur ? Voici comment vous pouvez faire.
https://uatp4auc.economiedenergie.fr/aide/gerer-votre-dossier-et-vos-donnees-personnelles/Je-me-suis-trompe-sur-la-creation-de-mon-dossier/;Dossier Prime éco énergie Auchan : je me suis trompé lors de sa création. Voici comment faire pour rectifier les erreurs de saisie.
https://uatp4auc.economiedenergie.fr/aide/gerer-votre-dossier-et-vos-donnees-personnelles/Je-souhaite-modifier-mon-nom-de-famille/;Vous vous êtes trompé de nom lors de votre inscription Prime éco énergie Auchan. Ce nom ne peut pas être modifé. Voici ce que vous devez faire.
https://uatp4auc.economiedenergie.fr/aide/gerer-votre-dossier-et-vos-donnees-personnelles/Transmettez-vous-mes-informations-a-l-Etat/;Contrôle des dossiers Prime éco énergie Auchan : mes données personnelles sont-elles communiquées à l'Etat ? Oui, découvrez pourquoi.
https://uatp4auc.economiedenergie.fr/aide/L-offre-Coup-de-pouce-Economies-d-Energie/Comment-beneficier-du-Coup-de-pouce/;"Pour remplacer votre vieille chaudière à charbon, gaz ou fioul, découvrez les montants des primes ""coup de pouce chauffage"" auxquels vous avez droit"
https://uatp4auc.economiedenergie.fr/aide/L-offre-Coup-de-pouce-Economies-d-Energie/Comment-obtenir-la-prime-coup-de-pouce-chauffage/;La prime Coup de pouce Chauffage vous aide à remplacer votre vieille chaudière fioul ou gaz. Tout savoir sur les formalités à remplir pour l'obtenir.
https://uatp4auc.economiedenergie.fr/aide/L-offre-Coup-de-pouce-Economies-d-Energie/Comment-savoir-si-mon-menage-est-compose-de-plusieurs-2020/;La chaudière à condensation est éligible à la Prime Eco Energie Auchan. Mais qu'est-ce qu'une chaudière à condensation ? Voici la réponse.
https://uatp4auc.economiedenergie.fr/aide/L-offre-Coup-de-pouce-Economies-d-Energie/Jusqu-a-quand-est-valable-la-prime-coup-de-pouce/;Vous pouvez bénéficier de la prime Coup de pouce Chauffage pour remplacer une vieille chaudière. Le dispositif est prolongé jusqu'en 2025.
https://uatp4auc.economiedenergie.fr/aide/L-offre-Coup-de-pouce-Economies-d-Energie/L-offre-coup-de-pouce-chauffage-est-elle-cumulable/;Pour remplacer une vieille chaudière, il est possible de cumuler le Coup de pouce Chauffage et MaPrimeRénov' si vos travaux y sont éligibles.
https://uatp4auc.economiedenergie.fr/aide/L-offre-Coup-de-pouce-Economies-d-Energie/Peut-on-cumuler-le-Coup-de-pouce-avec-la-Prime-Eco/;Peut-on cumuler le Coup de pouce Chauffage avec la Prime Éco Énergie Auchan et le Bonus Éco Énergie ? La réponse sur le site prime-eco-energie.Auchan
https://uatp4auc.economiedenergie.fr/aide/L-offre-Coup-de-pouce-Economies-d-Energie/Qu-est-ce-qu-un-foyer-fiscal-2019/;"Je remplace ma vieille chaudière par une chaudière à condensation : puis-je bénéficier de la prime ""Coup de pouce chauffage"" ? Explications."
https://uatp4auc.economiedenergie.fr/aide/L-offre-Coup-de-pouce-Economies-d-Energie/Qu-est-ce-que-le-Coup-de-pouce-2011/;Le Coup de pouce chauffage a été mis en place pour remplacer les vieilles chaudières dans les logements. Découvrez ce qu'il faut savoir sur cette aide.
https://uatp4auc.economiedenergie.fr/aide/L-offre-Coup-de-pouce-Economies-d-Energie/Qu-est-ce-que-le-revenu-fiscal-de-reference-2017/;"Quels sont les critères pour bénéficier du ""Coup de pouce chauffage"" pour les ménages modestes ou très modestes ? Découvrez la réponse."
https://uatp4auc.economiedenergie.fr/aide/L-offre-Coup-de-pouce-Economies-d-Energie/Quel-document-dois-je-fournir-pour-justifier-de-mes-2018/;"J'ai remplacé ma vieille chaudière ? Comment sera versée ma prime ""Coup de pouce chauffage"" ? Découvrez les conditions de versement sur la carte Waaoh."
https://uatp4auc.economiedenergie.fr/aide/L-offre-Coup-de-pouce-Economies-d-Energie/Quel-est-le-delai-de-versement-de-la-prime-coup-de/;"Sous quel délai sera versée la prime ""Coup de pouce chauffage"" sur ma carte de fidélité Auchan après validation de mon dossier complet ? Voici la réponse."
https://uatp4auc.economiedenergie.fr/aide/L-offre-Coup-de-pouce-Economies-d-Energie/Quels-travaux-pour-la-prime-coup-de-pouce-chauffage/;Quels sont les travaux éligibles à la prime Coup de pouce chauffage ? Choisissez le bon équipement pour remplacer votre vieille chaudière.
https://uatp4auc.economiedenergie.fr/aide/la-carte-de-fidelite-auchan/J-ai-un-compte-fidelite-Auchan/Comment-connaitre-le-montant-disponible-sur-ma-carte/;Waaoh, votre carte de fidélité Auchan a été cagnottée à la suite de vos travaux d'économies d'énergie. Découvrez comment connaître le montant crédité.
https://uatp4auc.economiedenergie.fr/aide/la-carte-de-fidelite-auchan/J-ai-un-compte-fidelite-Auchan/Comment-enregistrer-ma-carte-Waaoh/;Pour le versement des aides Auchan aux travaux de rénovation énergétique, vous devez enregsitre votre carte de fidélité Auchan Waaoh. Voici comment.
https://uatp4auc.economiedenergie.fr/aide/la-carte-de-fidelite-auchan/J-ai-un-compte-fidelite-Auchan/Comment-utiliser-la-cagnotte-pour-regler-les-courses/;Votre carte Waaoh est créditée de belles sommes depuis que vous avez effectué des travaux d'économies d'énergie. Découvrez comment les dépenser.
https://uatp4auc.economiedenergie.fr/aide/la-carte-de-fidelite-auchan/J-ai-un-compte-fidelite-Auchan/J-ai-oublie-mon-code-secret-ou-souhaite-le-modifier/;J'ai perdu le code secret de ma carte Waaoh. Comment le récupérer pour faire les courses avec ma cagnotte versée par Prime Eco Energie Auchan
https://uatp4auc.economiedenergie.fr/aide/la-carte-de-fidelite-auchan/J-ai-un-compte-fidelite-Auchan/Je-souhaite-supprimer-ma-carte-Waaoh/;Vous voulez nous quitter ? Découvrez comment supprimer la carte Waaoh. Mais prenez bien garde à ne pas la supprimer avant d'avoir dépensé votre cagnotte.
https://uatp4auc.economiedenergie.fr/aide/la-carte-de-fidelite-auchan/J-ai-un-compte-fidelite-Auchan/Je-viens-de-creer-ma-carte-de-fidelite-Waaoh-comment-l/;Je viens de créer ma carte de fidélité Waaoh. Comment faire pour l'activer pour utiliser ma cagnotte Prime éco-énergie ou Coup de pouce chauffage Auchan.
https://uatp4auc.economiedenergie.fr/aide/la-carte-de-fidelite-auchan/Je-n-ai-pas-de-compte-Waaoh/Comment-creer-une-carte-Waaoh/;La prime éco énergie et le bonus éco énergie Auchan sont versés sur la carte de fidélité. Vous n'avez pas la carte Waaoh ? Découvrez comment la créer
https://uatp4auc.economiedenergie.fr/aide/la-carte-de-fidelite-auchan/Je-n-ai-pas-de-compte-Waaoh/Puis-je-faire-mes-travaux-avant-de-demander-ma-carte/;Les aides d'Auchan sont versées sur la carte Waaoh. Inscrivez-vous pour les obtenir, vous pourrez démarrer les travaux avant de la créer en magasin ou en ligne
https://uatp4auc.economiedenergie.fr/aide/la-carte-de-fidelite-auchan/Je-n-ai-pas-de-compte-Waaoh/Puis-je-m-inscrire-avant-de-demander-ma-carte-Auchan/;Les aides CEE sont cagnottées sur la carte Waaoh. Inscrivez-vous pour les obtenir même si vous n'avez pas encore votre carte de fidélité Auchan.
https://uatp4auc.economiedenergie.fr/aide/la-carte-de-fidelite-auchan/Je-n-ai-pas-de-compte-Waaoh/Quel-type-de-carte-est-valide-pour-ce-dispositif/;Auchan crédite ses aides à la rénovation énergétique sur votre carte Auchan. Découvrez quels types de carte sont valides pour ce dispositif.
https://uatp4auc.economiedenergie.fr/aide/la-carte-de-fidelite-auchan/Le-fonctionnement-de-la-Prime-Eco-Energie/Comment-me-sera-versee-la-prime/;Vous avez demandé la prime éco-énergie Auchan pour vos travaux d'économies d'énergie ? Découvrez comment est versée la prime Auchan Eco Energie.
https://uatp4auc.economiedenergie.fr/aide/la-carte-de-fidelite-auchan/Le-fonctionnement-de-la-Prime-Eco-Energie/Comment-utiliser-la-prime/;La prime éco-énergie est cagnottée sur votre carte de fidélité Auchan. Découvrez comment utiliser votre cagnotte et combien de temps elle est valable.
https://uatp4auc.economiedenergie.fr/aide/la-carte-de-fidelite-auchan/Le-fonctionnement-de-la-Prime-Eco-Energie/Mon-numero-de-compte-fidelite-est-rejete-lors-de-la/;Inscription à la Prime éco énergie Auchan : votre numéro de compte fidélité Auchan a été rejeté ? Découvrez comment vérifier qu'il est correct.
https://uatp4auc.economiedenergie.fr/aide/la-carte-de-fidelite-auchan/Le-fonctionnement-de-la-Prime-Eco-Energie/Ou-se-trouve-votre-numero-de-compte-fidelite/;Possesseur de la Carte Accord Auchan, voici comment trouver votre numéro de compte fidélité pour vous inscrire à la Prime éco énergie Auchan.
https://uatp4auc.economiedenergie.fr/aide/la-demarche/informations-cas-particuliers/Comment-beneficier-de-la-prime/;Pour vos travaux d'économies d'énergie, découvrez les différentes étapes pour savoir comment bénéficier de la Prime éco énergie Auchan.
https://uatp4auc.economiedenergie.fr/aide/la-demarche/informations-cas-particuliers/Comment-connaitre-le-montant-de-ma-prime/;Prime éco-énergie Auchan : comment connaître le montant de ma prime ? Simulez le montant de votre prime et de votre bonus avec notre simulateur de prime.
https://uatp4auc.economiedenergie.fr/aide/la-demarche/informations-cas-particuliers/J-ai-realise-un-dossier-pour-un-autre-programme-mais/;Prime éco-énergie Auchan : je veux changer de programme pour bénéficier de la prime Auchan. Est-ce possible de changer de programme une fois inscrit ?
https://uatp4auc.economiedenergie.fr/aide/la-demarche/informations-cas-particuliers/La-prime-Eco-Energie-est-elle-eligible-pour-l/;Vous avez investi dans l'immobilier locatif ? Propriétaire bailleur, bénéficiez de la prime Éco Énergie Auchan pour vos travaux de rénovation énergétique.
https://uatp4auc.economiedenergie.fr/aide/la-demarche/informations-cas-particuliers/La-prime-est-elle-cumulable-avec-d-autres-primes-du/;Prime éco-énergie Auchan : puis-je cumuler avec d'autres primes des Certificats d'économie d'énergie attribuées par d'autres fournisseurs d'énergie ?
https://uatp4auc.economiedenergie.fr/aide/la-demarche/informations-cas-particuliers/Ma-prime-est-elle-susceptible-de-variations/;Prime éco-énergie Auchan : attention, le montant peut changer si les informations que vous avez déclarées ont évolué : surface du logement, revenus, etc.
https://uatp4auc.economiedenergie.fr/aide/la-demarche/informations-cas-particuliers/Mon-installateur-refuse-de-signer-mon-Attestation-sur/;Prime éco énergie Auchan : quoi faire quand l'installateur refuse de signer l'attestation sur l'honneur obligatoire ? Découvrez les solutions...
https://uatp4auc.economiedenergie.fr/aide/la-demarche/informations-cas-particuliers/Ou-puis-je-trouver-la-date-de-fin-de-construction-de/;Seules les maisons construitres depuis plus de 2 ans sont éligibles à la prime éco énergie Auchan. Où puis-je trouver la date de fin de construction de ma maison ?
https://uatp4auc.economiedenergie.fr/aide/la-demarche/informations-cas-particuliers/Quelles-aides-pour-les-proprietaires-bailleurs/;Les propriétaires-bailleurs ont-ils droit à la Prime Eco Energie pour les travaux de rénovation énergétique dans leur logement locatif ? Voici la réponse.
https://uatp4auc.economiedenergie.fr/aide/la-demarche/informations-cas-particuliers/Qui-peut-beneficier-de-la-prime-13859/;Vous envisagez d'effectuer des travaux d'économies d'énergie dans votre bien ? Découvrez si vous pouvez bénéficier de la prime éco énergie Auchan.
https://uatp4auc.economiedenergie.fr/aide/la-demarche/inscription-suivi-de-dossier/Comment-savoir-si-vous-avez-bien-recu-mes-documents/;Vous avez déposé un dossier de Prime éco énergie Auchan. Voici comment savoir si votre dossier est complet, s'il est bien pris en compte et où il en est.
https://uatp4auc.economiedenergie.fr/aide/la-demarche/inscription-suivi-de-dossier/J-ai-achete-moi-meme-le-materiel-mais-je-l-ai-fait/;Travaux d'économies d'énergie : ai-je le droit à la prime si je fais installer par un artisan un matériel que j'ai acheté moi-même ? Découvrez la réponse.
https://uatp4auc.economiedenergie.fr/aide/la-demarche/inscription-suivi-de-dossier/J-effectue-differents-types-de-travaux-dois-je-remplir/;Vous effectuez plusieurs actions de rénovation énergétique. Faut-il déposer plusieurs dossiers de Prime éco énergie ? Découvrez la réponse.
https://uatp4auc.economiedenergie.fr/aide/la-demarche/inscription-suivi-de-dossier/Je-n-ai-pas-acces-a-Internet-comment-faire/;Prime éco énergie Auchan : découvrez comment créer un dossier et suivre son avancement sur votre compte client si vous n'avez pas accès à Internet.
https://uatp4auc.economiedenergie.fr/aide/la-demarche/inscription-suivi-de-dossier/Je-souhaite-obtenir-un-dossier-d-inscription-par/;Avant de faire vos travaux de rénovation énergétique, vous devez remplir un dossier Prime éco énergie Auchan. Pouvez-vous avoir le dossier par courrier ?
https://uatp4auc.economiedenergie.fr/aide/la-demarche/inscription-suivi-de-dossier/Je-vois-sur-mon-espace-personnel-qu-il-manque-des/;Des documents manquants dans votre espace personnel pour la Prime éco énergie Auchan ? Découvrez comment savoir quels sont les documents manquants.
https://uatp4auc.economiedenergie.fr/aide/la-demarche/inscription-suivi-de-dossier/Je-voudrais-savoir-ou-en-est-mon-dossier/;Rénovation énergétique et Prime éco énergie Auchan : je voudrais savoir où en est mon dossier. Voici comment connaître l'avancement de votre dossier.
https://uatp4auc.economiedenergie.fr/aide/la-demarche/inscription-suivi-de-dossier/Ou-peut-on-telecharger-les-formulaires-pour-s-inscrire/;Prime éco énergie Auchan : découvrez les solutions pour vous inscrire sur le site. Appelez nous ou allez sur sur prime-eco-energie.auchan.fr/inscription/
https://uatp4auc.economiedenergie.fr/aide/la-demarche/inscription-suivi-de-dossier/Quels-sont-les-justificatifs-a-fournir/;Quels sont les justificatifs à fournir pour obtenir la Prime éco énergie Auchan ? Voici la liste des documents à joindre au dossier pour en bénéficier.
https://uatp4auc.economiedenergie.fr/aide/la-demarche/le-versement-de-la-prime/Combien-de-temps-faut-il-compter-pour-que-la-prime/;Vos travaux d'économies d'énergie sont finis, votre dossier est complet. Découvrez sous combien de temps est versée votre Prime éco énergie Auchan.
https://uatp4auc.economiedenergie.fr/aide/la-demarche/le-versement-de-la-prime/Comment-faire-pour-avoir-la-prime-energie/;Vous avez droit à la Prime éco énergie Auchan pour vos travaux de rénovation énergétique. Découvrez comment faire pour avoir la prime énergie.
https://uatp4auc.economiedenergie.fr/aide/la-demarche/le-versement-de-la-prime/De-quelle-maniere-me-sera-versee-la-prime/;La Prime éco énergie Auchan est versée lorsque vous réalisez des travaux de rénovation énergétique. Découvrez de quelle manière est versée la prime.
https://uatp4auc.economiedenergie.fr/aide/la-demarche/le-versement-de-la-prime/Pouvez-vous-me-donner-le-montant-de-la-prime-a/;Le montant définitif de votre Prime éco énergie Auchan est donné à la validation de votre dossier. Découvrez les critères pris en compte.
https://uatp4auc.economiedenergie.fr/aide/le-bonus-eco-energie-2/Comment-beneficier-du-Bonus-Eco-Energie/;Les ménages aux revenus modestes peuvent avoir droit à un bonus en plus de la Prime éco énergie. Voici comment bénéficier du Bonus éco énergie.
https://uatp4auc.economiedenergie.fr/aide/le-bonus-eco-energie-2/Comment-savoir-si-mon-menage-est-compose-de-plusieurs/;Pour bénéficier du Bonus éco énergie, tous les foyers fiscaux du logement comptent. Comment savoir si mon ménage est composé de plusieurs foyers fiscaux ?
https://uatp4auc.economiedenergie.fr/aide/le-bonus-eco-energie-2/Je-n-ai-jamais-fait-de-declaration-d-impot-que-dois-je/;En cas d'éligibilité au Bonus Eco Energie Auchan, votre avis d'imposition est à fournir. Comment faire si vous n'avez jamais fait de déclaration d'impôts ?
https://uatp4auc.economiedenergie.fr/aide/le-bonus-eco-energie-2/Je-ne-suis-pas-imposable-Puis-je-beneficier-du-Bonus/;Pour bénéficier du Bonus éco énergie, je dois produire mon avis d'imposition. Mais puis-je bénéficier du Bonus éco énergie si je ne suis pas imposable ?
https://uatp4auc.economiedenergie.fr/aide/le-bonus-eco-energie-2/Qu-est-ce-qu-un-foyer-fiscal/;Le bonus éco énergie Auchan tient compte du revenu de référence du foyer fiscal. Mais qu'est-ce qu'un foyer fiscal ?
https://uatp4auc.economiedenergie.fr/aide/le-bonus-eco-energie-2/Qu-est-ce-que-le-Bonus-Eco-Energie-300/;La Prime éco énergie Auchan peut être complétée par le Bonus éco énergie. Découvrez ce qu'est le Bonus éco énergie et les conditions pour en bénéficier.
https://uatp4auc.economiedenergie.fr/aide/le-bonus-eco-energie-2/Qu-est-ce-que-le-revenu-fiscal-de-reference/;Le Revenu Fiscal de Référence compte pour le calcul du Bonus Eco Energie Auchan. Mais qu'est-ce que le Revenu Fiscal de Référence et où le trouver ?
https://uatp4auc.economiedenergie.fr/aide/le-bonus-eco-energie-2/Quel-document-dois-je-fournir-pour-justifier-de-mes/;Je dois justifier mes revenus pour toucher mon Bonus éco énergie. Découvrez quel document fournir pour justifier les revenus pour bénéficier du bonus.
https://uatp4auc.economiedenergie.fr/aide/le-bonus-eco-energie-2/Qui-peut-beneficier-du-Bonus-Eco-Energie-301/;Avez-vous droit au Bonus éco énergie pour vos travaux d'économies d'énergie ? Découvrez qui peut bénéficier du Bonus éco énergie Auchan.
https://uatp4auc.economiedenergie.fr/aide/le-choix-de-l-artisan/Comment-savoir-si-l-artisan-que-j-ai-choisi-est-un/;L'artisan qui réalise vos travaux de rénovation énergétique doit être certifié RGE. Mais comment savoir si l'artisan que j’ai choisi est certifié ?
https://uatp4auc.economiedenergie.fr/aide/le-choix-de-l-artisan/Comment-savoir-si-un-artisan-est-bien-declare/;Prime éco énergie Auchan. L'artisan qui réalise des travaux d'économies d'énergie doit être déclaré  et avoir le label RGE. Voici comment le savoir.
https://uatp4auc.economiedenergie.fr/aide/le-choix-de-l-artisan/Mon-installateur-a-deja-un-partenariat-avec-un/;Prime éco énergie Auchan : même si votre installateur a un partenariat avec un autre fournisseur, il peut réaliser vos travaux d'économies d'énergie.
https://uatp4auc.economiedenergie.fr/aide/le-choix-de-l-artisan/Pour-quel-type-de-travaux-dois-je-avoir-recours-a-un/;Prime éco énergie Auchan pour quels tavaux devez-vous choisir un artisan RGE pour bénéficier de la prime ? Découvrez les types de travaux concernés.
https://uatp4auc.economiedenergie.fr/aide/le-choix-de-l-artisan/Puis-je-avoir-recours-a-un-artisan-etranger/;Les artisans français ne sont pas disponibles. Puis-je recourir à un artisan étranger et bénéficier de la Prime éco énergie Auchan ? Découvrez-le…
https://uatp4auc.economiedenergie.fr/aide/le-choix-de-l-artisan/Qu-est-ce-qu-un-artisan-RGE/;L'artisan qui réalise vos travaux de rénovation énergétique doit être certifié RGE. Que signifie RGE ? Découvrez ce qu'est un artisan labellisé RGE.
https://uatp4auc.economiedenergie.fr/aide/le-choix-de-l-artisan/Qu-est-ce-que-le-certificat-RGE/;Prime éco énergie Auchan : vos travaux d'économies d'énergie doivent être réalisés par un artisan certifié RGE. Découvrez ce qu'est le certificat RGE.
https://uatp4auc.economiedenergie.fr/aide/le-choix-de-l-artisan/Qui-donne-le-label-RGE/;Prime éco énergie Auchan : un artisan RGE est le gage de travaux de rénovation énergétique de qualité. Découvez qui donne le label RGE aux artisans.
https://uatp4auc.economiedenergie.fr/aide/le-choix-de-l-artisan/Si-je-fais-les-travaux-moi-meme-ai-je-droit-a-la-prime/;Prime éco énergie Auchan : les travaux d'économies d'énergie que je réalise moi-même sont-ils éligibles à la prime ? Découvrez la réponse.
https://uatp4auc.economiedenergie.fr/aide/le-choix-de-l-artisan/Vous-etes-un-artisan-et-souhaitez-faire-beneficier-vos/;Artisan qualifié certifié RGE, vous voulez faire bénéficier vos clients de la Prime éco énergie Auchan ? Découvrez comment vous devez faire.
https://uatp4auc.economiedenergie.fr/aide/le-dispositif/C-est-quoi-la-prime-CEE/;Prime énergie, prime Certificats d'économie d'énergie, prime CEE ou prime éco énergie Auchan : voici ce qu'est la prime CEE et comment l'obtenir.
https://uatp4auc.economiedenergie.fr/aide/le-dispositif/C-est-un-piege-que-me-demandez-vous-en-contrepartie/;Prime éco énergie Auchan : où est le piège ? Que me demandez-vous comme contrepartie ? Découvrez le dispositif des certificats d'économie d'énergie CEE.
https://uatp4auc.economiedenergie.fr/aide/le-dispositif/Comment-calculer-le-montant-de-MaPrimeRenov/;MaPrimeRénov' est un dispositif d'incitation à la rénovation énergétique. Découvrez comment calculer le montant de MaPrimeRénov' selon votre profil.
https://uatp4auc.economiedenergie.fr/aide/le-dispositif/Comment-faire-une-demande-de-MaPrimeRenov/;Vous voulez effectuer des travaux de rénovation énergétique dans votre logement ? Découvrez comment faire une demande de MaPrimeRénov'.
https://uatp4auc.economiedenergie.fr/aide/le-dispositif/MaPrimeRenov-est-elle-cumulable-avec-d-autres-aides/;Il est possible de cumuler certaines aides à la rénovation énergétique. Découvrez si MaPrimeRénov' est cumulable avec les autres aides et lesquelles.
https://uatp4auc.economiedenergie.fr/aide/le-dispositif/Pouvez-vous-m-en-dire-plus-sur-le-dispositif/;Le dispositif des Certificats d'économie d'énergie est une incitation financière aux ménages attribuée par les fournisseurs d'énergie. Tout savoir…
https://uatp4auc.economiedenergie.fr/aide/le-dispositif/Qu-est-ce-qu-un-oblige/;Les certificats d'économie d'énergie sont attribués par les obligés. Qu'est-ce qu'un obligé ? Auchan vous dit tout sur les CEE et la prime éco énergie.
https://uatp4auc.economiedenergie.fr/aide/le-dispositif/Qu-est-ce-que-MaPrimeRenov/;Le Crédit d'Impôt pour la Transition Energétique a été remplacé par MaPrimeRénov'. Voici toutes les infos sur MaPrimeRénov' et la rénovation énergétique.
https://uatp4auc.economiedenergie.fr/aide/le-dispositif/Quand-faire-la-demande-de-prime-energie/;Travaux d'économies d'énergie : si vous faites votre demande de Prime éco énergie trop tard, vous risquez de la perdre. Découvrez quand faire la demande.
https://uatp4auc.economiedenergie.fr/aide/le-dispositif/Quel-est-le-montant-de-MaPrimeRenov/;Travaux de rénovation énergétique : quel est le montant de MaPrimeRénov' ? Voici les critères qui déterminent le montant de votre prime.
https://uatp4auc.economiedenergie.fr/aide/le-dispositif/Quelles-sont-les-conditions-de-MaPrimeRenov-en-2021/;La prime à la transition énergétique a évolué depuis sa création : découvrez les conditions de MaPrimeRénov'  et les modalités pour l'obtenir.
https://uatp4auc.economiedenergie.fr/aide/le-dispositif/Qui-a-le-droit-a-MaPrimeRenov/;Vous faites des travaux d'économies d'énergie : vous pouvez peut-être bénéficier de MaPrimeRénov'. Découvrez qui a le droit à MaPrimeRénov'.
https://uatp4auc.economiedenergie.fr/aide/les-aides-et-les-financements/Ai-je-droit-au-credit-d-impot/;Le Crédit d'Impôt pour la Transition Energétique a été remplacé par MaPrimeRénov'. Découvrez les infos sur MaPrimeRénov' et la rénovation énergétique.
https://uatp4auc.economiedenergie.fr/aide/les-aides-et-les-financements/Peut-on-cumuler-la-prime-avec-d-autres-primes-du-meme/;La Prime éco énergie Auchan est cumulable avec d'autres aides à la rénovation énergétique. Découvrez si l'on peut la cumuler avec des primes du même type.
https://uatp4auc.economiedenergie.fr/aide/les-aides-et-les-financements/Peut-on-cumuler-la-prime-avec-le-credit-d-impots/;Le Crédit d'impôts est remplacé par MaPrimeRénov'. Découvrez si l'on peut cumuler la Prime éco énergie Auchan et le Crédit d'impôts devenu MaPrimeRénov'.
https://uatp4auc.economiedenergie.fr/aide/les-aides-et-les-financements/Peut-on-cumuler-la-prime-avec-les-aides-de-l-ANAH/;L'ANAH accorde plus de 3 Mds€ d'aides par. Découvrez si ses aides à la rénovation énergétique peuvent être cumulées avec la Prime éco énergie Auchan.
https://uatp4auc.economiedenergie.fr/aide/les-aides-et-les-financements/Peut-on-cumuler-la-prime-avec-MaPrimeRenov/;MaPrimeRénov' est le dispositif Anah d'incitation à la rénovation énergétique. Découvrez si on peut cumuler MaPrimeRénov' et la Prime éco énergie Auchan.
https://uatp4auc.economiedenergie.fr/aide/les-aides-et-les-financements/Peut-on-cumuler-la-prime-avec-un-credit-bancaire/;Besoin d'emprunter pour compléter les aides à la rénovation énergétique ? Découvrez si l'on peut cumuler la prime avec un crédit bancaire
https://uatp4auc.economiedenergie.fr/aide/les-aides-et-les-financements/Puis-je-m-adresser-au-Guichet-Unique-pour-obtenir-des/;Rénovation énergétique et Prime éco énergie Auchan : France Rénov' vous informe sur les travaux et aides à la rénovation énergétique.
https://uatp4auc.economiedenergie.fr/aide/les-aides-et-les-financements/Qu-est-ce-que-le-Guichet-unique/;Besoin d'informations sur les travaux et les aides à la rénovation énergétique ? Si vous contactiez France Rénov' ? Voici où le trouver.
https://uatp4auc.economiedenergie.fr/aide/les-aides-et-les-financements/Quelles-types-d-aides-peut-on-cumuler/;Aides et financements des travaux de rénovation énergétique : découvrez quels types d'aides on peut cumuler pour réduire le reste à charge des ménages.
https://uatp4auc.economiedenergie.fr/aide/les-aides-et-les-financements/Qui-a-droit-a-la-prime-energie/;Travaux d'économies d'énergie : qui a droit à la prime énergie ? Découvrez les conditions et les modalités pour obtenir la Prime éco énergie Auchan.
https://uatp4auc.economiedenergie.fr/aide/les-caracteristiques-de-la-prime/Comment-va-etre-versee-la-prime/;Rénovation énergétique et Prime éco énergie Auchan : découvrez comment va être versée la prime et  les modalités pour en bénéficier et l'utiliser.
https://uatp4auc.economiedenergie.fr/aide/les-caracteristiques-de-la-prime/La-prime-est-elle-proportionnelle-au-montant-des/;Prime éco énergie Auchan : la prime est-elle proportionnelle au montant des travaux ? Découvrez comment est calculé le montant lié aux travaux réalisés.
https://uatp4auc.economiedenergie.fr/aide/Les-controles-de-travaux/Comment-connaitre-le-retour-de-l-organisme-certifie/;Prime éco énergie Auchan : comment connaître le retour de l’organisme certifié suite au contrôle effectué à mon domicile ? Découvrez les modalités.
https://uatp4auc.economiedenergie.fr/aide/Les-controles-de-travaux/Comment-savoir-si-mon-dossier-est-soumis-a-une/;Prime éco énergie Auchan : comment savoir si mon dossier est soumis à une opération de contrôle ? Découvrez comment votre dossier est sélectionné.
https://uatp4auc.economiedenergie.fr/aide/Les-controles-de-travaux/En-combien-de-temps-ma-prime-sera-versee-suite-au/;Travaux de rénovation énergétique : je découvre en combien de temps ma prime sera versée suite au retour de l’organisme certifié chargé du contrôle.
https://uatp4auc.economiedenergie.fr/aide/Les-controles-de-travaux/En-quoi-consiste-le-controle-des-travaux-d-isolation/;"Prime éco énergie Auchan : en quoi consiste le contrôle qualité des travaux d’isolation ? Découvrez comment est réalisé le contrôle qualité ""isolation""."
https://uatp4auc.economiedenergie.fr/aide/Les-controles-de-travaux/J-isole-mes-combles-perdus-suis-je-situe-dans-une-zone/;J’isole mes combles perdus : suis-je situé dans une zone climatique froide ? Quelle conséquence pour mes travaux ? Voici l'impact sur la Prime éco énergie
https://uatp4auc.economiedenergie.fr/aide/Les-controles-de-travaux/les-specificites-des-controles-qualite-pour-les-pompes/;Travaux d'économies d'énergie - Chauffage : découvrez quelles sont les spécificités des contrôles qualité pour les pompes à chaleur air/eau ou eau/eau.
https://uatp4auc.economiedenergie.fr/aide/Les-controles-de-travaux/quelles-sont-les-specificites-des-controles-qualite/;Travaux d'économies d'énergie - Chauffage : découvrez quelles sont les spécificités des contrôles qualité pour les pompes à chaleur hybrides individuelles
https://uatp4auc.economiedenergie.fr/aide/Les-controles-de-travaux/quels-sont-les-specificites-des-controles-qualite-pour/;Travaux d'économies d'énergie - Chauffage : découvrez quelles sont les spécificités des contrôles qualité pour la chaudière biomasse individuelle.
https://uatp4auc.economiedenergie.fr/aide/Les-controles-de-travaux/Quels-travaux-sont-concernes-par-les-controles-sur/;Travaux d'économies d'énergie et Prime éco énergie Auchan : découvrez quels sont les travaux concernés par les contrôles qualité : isolation, chauffage…
https://uatp4auc.economiedenergie.fr/aide/Les-controles-de-travaux/Si-des-non-satisfactions-sont-identifiees-lors-du/;Prime éco énergie : si des non-satisfactions sont identifiées lors du contrôle, puis-je bénéficier de la prime ? Découvrez comment corriger les travaux.
https://uatp4auc.economiedenergie.fr/aide/Les-controles-de-travaux/Si-mon-dossier-fait-l-objet-d-une-operation-de/;Prime énergie : mon dossier fait l’objet d’un contrôle qualité, sur site que dois-je faire ? Découvrez ce que vous devez faire en cas de contrôle qualité.
https://uatp4auc.economiedenergie.fr/aide/les-delais-a-respecter/inscription/Je-n-ai-pas-encore-de-carte-Auchan-mais-je-commence/;Prime éco énergie Auchan : je n’ai pas encore de carte Auchan mais je commence mes travaux très prochainement. Inscrivez-vous vite en ligne.
https://uatp4auc.economiedenergie.fr/aide/les-delais-a-respecter/inscription/Mes-travaux-ont-commence-et-je-n-ai-pas-encore-cree/;Prime éco énergie Auchan : mes travaux ont commencé et je n’ai pas encore créé mon dossier. Découvrez ce que vous pouvez encore faire pour avoir la prime.
https://uatp4auc.economiedenergie.fr/aide/les-delais-a-respecter/le-depot-de-dossier/Jusqu-a-quelle-date-puis-je-effectuer-mes-travaux/;Prime éco énergie Auchan : jusqu’à quelle date puis-je effectuer mes travaux ? Voici les dates limites pour faire vos travaux et bénéficier de la prime.
https://uatp4auc.economiedenergie.fr/aide/les-delais-a-respecter/le-depot-de-dossier/Mes-travaux-ont-pris-du-retard-Combien-de-temps-reste/;Prime Auchan : mes travaux ont pris du retard. Combien de temps reste-t-il pour les finaliser et vous envoyer le dossier ? Voici où trouver la réponse…
https://uatp4auc.economiedenergie.fr/aide/les-delais-a-respecter/le-depot-de-dossier/Pourquoi-le-programme-Auchan-est-il-amene-a-continuer/;Travaux de rénovation énergétique et Prime éco énergie Auchan : découvrez pourquoi le programme Auchan est amené à continuer plusieurs années encore.
https://uatp4auc.economiedenergie.fr/aide/les-delais-a-respecter/le-depot-de-dossier/Quel-est-le-delai-pour-creer-un-dossier/;Travaux de rénovation énergétique : découvrez quel est le délai pour créer un dossier  de Prime éco énergie Auchan et les modalités pour en bénéficier.
https://uatp4auc.economiedenergie.fr/aide/les-delais-a-respecter/le-depot-de-dossier/Quel-est-le-delai-pour-vous-envoyer-le-dossier/;Prime éco énergie Auchan : quel est le délai pour créer et déposer un dossier ? Voici jusqu'à quand vous pouvez créer un dossier. 
https://uatp4auc.economiedenergie.fr/aide/les-delais-a-respecter/versement-de-la-prime/Je-n-ai-pas-encore-le-versement-de-la-prime/;Prime éco énergie Auchan : je n’ai pas encore le versement de la prime ? Découvrez comment savoir quand votre prime sera versée et comment nous contacter.
https://uatp4auc.economiedenergie.fr/aide/les-delais-a-respecter/versement-de-la-prime/Quel-est-le-delai-de-versement-de-la-prime/;Prime éco énergie Auchan : quel est le délai de versement de la prime ? Découvrez quand la prime vous sera versée après vos travaux d'économies d'énergie.
https://uatp4auc.economiedenergie.fr/aide/normes-et-certifications/CSTBat/;Normes et certifications des appareils de rénovation énergétique : CSTBat, kézaco ? Découvrez la signification de ce sigle pour vos travaux de chauffage.
https://uatp4auc.economiedenergie.fr/aide/normes-et-certifications/Le-label-Flamme-verte/;Normes et certifications des appareils de rénovation énergétique : Label Flamme Verte ? Découvrez la signification de ce sigle pour le chauffage au bois.
https://uatp4auc.economiedenergie.fr/aide/normes-et-certifications/NF/;Normes et certifications des travaux de rénovation énergétique : Norme NF. Découvrez la signification de cette norme sur les travaux d'économies d'énergie
https://uatp4auc.economiedenergie.fr/aide/normes-et-certifications/Qu-est-ce-que-la-mention-RGE/;Prime éco énergie Auchan : qu’est ce que la mention RGE ? Reconnu Garant de l'Environnement, votre professionnel est qualifié pour effectuer vos travaux.
https://uatp4auc.economiedenergie.fr/aide/normes-et-certifications/Solar-keymark/;Normes et certification des appareils de rénovation énergétique : Solar Keymark. Voici ce que signifie la norme pour l'installation d'un appareil solaire.
https://uatp4auc.economiedenergie.fr/aide/Peut-on-cumuler-la-prime-avec-d-autres-aides-du-meme/;La Prime éco énergie CEE est cumulable avec d'autres aides à la rénovation énergétique. Découvrez si l'on peut la cumuler avec des primes du même type.
https://uatp4auc.economiedenergie.fr/aide/Quel-est-le-delai-pour-vous-envoyer-mon-dossier/;Prime éco énergie Auchan : quel est le délai pour vous envoyer mon dossier travaux ? Découvrez combien de temps vous avez pour nous envoyer votre dossier.
https://uatp4auc.economiedenergie.fr/aide/Quels-documents-fournir-pour-mon-dossier-travaux/;Prime éco énergie Auchan : quels documents fournir pour mon dossier travaux ? Voici comment compléter votre dossier pour être sûr d'obtenir votre prime.
https://uatp4auc.economiedenergie.fr/aide/questions-techniques-et-connexion-au-site/Je-me-suis-inscrit-et-je-ne-retrouve-plus-mes/;Prime éco énergie Auchan : je me suis inscrit et je ne retrouve plus mes identifiants de connexion. Découvrez comment vous reconnecter à votre compte.
https://uatp4auc.economiedenergie.fr/aide/questions-techniques-et-connexion-au-site/Mot-de-passe-oublie/;Prime éco énergie Auchan : mot de passe oublié, je ne peux plus me connecter à mon compte. Découvrez comment vous pourrez à nouveau vous connecter.
https://uatp4auc.economiedenergie.fr/aide/qui-peut-beneficier-de-la-prime/Si-je-suis-locataire-qui-beneficie-de-la-prime/;Travaux de rénovation énergétique : les locataires peuvent-ils obtenir la Prime éco énergie Auchan ? Voici comment avoir la prime si vous êtes locataire.
https://uatp4auc.economiedenergie.fr/aide/qui-peut-beneficier-de-la-prime/Une-copropriete-peut-elle-beneficier-de-la-prime/;Travaux de rénovation énergétique : une copropriété peut-elle obtenir la Prime éco énergie ? Voici comment avoir la prime si vous êtes en copropriété.
https://uatp4auc.economiedenergie.fr/aide/travaux-eligibles/autres-travaux/Des-travaux-realises-dans-mon-extension-de-maison-sont/;Rénovation énergétique : découvrez si des travaux réalisés dans une extension de maison peuvent être éligibles à la Prime éco énergie Auchan.
https://uatp4auc.economiedenergie.fr/aide/travaux-eligibles/autres-travaux/L-installation-d-un-chauffe-eau-solaire-individuel-est/;Prime éco énergie Auchan : l'installation d'un chauffe-eau solaire individuel est-elle une opération éligible à la prime ? Découvrez les modalités.
https://uatp4auc.economiedenergie.fr/aide/travaux-eligibles/autres-travaux/L-installation-d-une-sonde-de-temperature-exterieure-1517636/;Travaux éligibles à la Prime éco énergie Auchan : découvrez si l'installation d'une sonde de température extérieure est une opération éligible à la prime.
https://uatp4auc.economiedenergie.fr/aide/travaux-eligibles/autres-travaux/La-pose-de-panneaux-photovoltaiques-est-elle-une/;Travaux d'économies d'énergie et Prime éco énergie Auchan : découvrez si la pose de panneaux photovoltaïques est une oépration éligible à la prime.
https://uatp4auc.economiedenergie.fr/aide/travaux-eligibles/autres-travaux/Quelles-aides-pour-une-pompe-a-chaleur/;Vous installez une pompe à chaleur pour faire des économies de chauffage ? Découvrez les aides pour une pompe à chaleur et autres travaux énergétiques.
https://uatp4auc.economiedenergie.fr/aide/travaux-eligibles/chaudieres/article/l-installation-d-une-chaudiere/;L’installation d’une chaudière à haute performance énergétique est une opération éligible à la prime éco énergie. Conditions consultables ici.
https://uatp4auc.economiedenergie.fr/aide/travaux-eligibles/chaudieres/L-installation-d-un-programmateur-d-intermittence-pour/;Les programmateurs d'intermittence sont utiles pour faire des économies d'énergie. Découvrez ici s'ils sont éligibles à la prime éco énergie auchan.
https://uatp4auc.economiedenergie.fr/aide/travaux-eligibles/chaudieres/L-installation-d-un-radiateur-a-basse-temperature-est/;L’installation d’un radiateur à basse température n'est désormais plus éligible à la Prime Eco Energie Auchan.
https://uatp4auc.economiedenergie.fr/aide/travaux-eligibles/chaudieres/L-installation-de-plancher-chauffant-est-elle-une/;L'installation d'un plancher chauffant peut permettre de faire des économies d'énergie mais est-ce éligible à Auchan Prime Eco Energie ?
https://uatp4auc.economiedenergie.fr/aide/travaux-eligibles/chaudieres/L-installation-de-robinets-thermostatiques-est-elle/;L'installation de robinets thermostatiques sur radiateur est utile pour faire des économies d'énergie mais est-ce éligible à la prime auchan éco énergie ?
https://uatp4auc.economiedenergie.fr/aide/travaux-eligibles/fenetres/La-pose-de-Velux-est-elle-une-operation-eligible/;Travaux de rénovation énergétique : la pose de Velux est-elle une opération éligible ? Découvrez son éligibilité à la Prime éco énergie Auchan.
https://uatp4auc.economiedenergie.fr/aide/travaux-eligibles/fenetres/La-pose-de-volets-est-elle-une-operation-eligible-1517635/;Travaux d'économies d'énergie : La pose de volets est-elle une opération éligible à la Prime éco énergie Auchan ? Réponse et modalités d'obtention.
https://uatp4auc.economiedenergie.fr/aide/travaux-eligibles/isolation/Dans-quels-cas-la-pose-d-un-pare-vapeur-est-elle/;Rénovation énergétique : Dans quels cas la pose d’un pare-vapeur est-elle nécessaire afin de bénéficier de votre prime éco énergie Auchan ? Découvrez-le.
https://uatp4auc.economiedenergie.fr/aide/travaux-eligibles/isolation/Dans-quels-cas-la-pose-de-deflecteurs-de-toiture-est/;Prime éco énergie Auchan : dans quels cas la pose de déflecteurs de toiture est-elle nécessaire afin de bénéficier de la prime ? Voici les différents cas.
https://uatp4auc.economiedenergie.fr/aide/travaux-eligibles/isolation/Je-signe-mon-devis-a-partir-du-1er-septembre-2020/;Travaux d'isolation et Prime éco énergie : je signe mon devis à partir du 1er septembre 2020, que se passe-t-il ensuite ? Explication sur les délais.
https://uatp4auc.economiedenergie.fr/aide/travaux-eligibles/isolation/L-isolation-de-murs-entre-deux-espaces-chauffes-est/;Travaux d'isolation et Prime éco énergie : l’isolation de murs entre deux espaces chauffés est-elle éligible ? Découvrez les modalités de la Prime.
https://uatp4auc.economiedenergie.fr/aide/travaux-eligibles/isolation/L-isolation-de-murs-entre-deux-espaces-non-chauffes/;Travaux d'isolation et Prime éco énergie : l’isolation de murs entre deux espaces non chauffés est-elle éligible ? Découvrez les modalités de la Prime.
https://uatp4auc.economiedenergie.fr/aide/travaux-eligibles/isolation/L-isolation-de-plancher-entre-deux-espaces-chauffes/;Tous les travaux d'isolation ne sont pas éligibles à la prime éco énergie : découvrez si l’isolation de plancher entre deux espaces chauffés est éligible.
https://uatp4auc.economiedenergie.fr/aide/travaux-eligibles/isolation/L-isolation-de-plancher-entre-deux-espaces-non/;Tous les travaux d'isolation ne sont pas éligibles à la prime énergie : découvrez si l’isolation de plancher entre deux espaces non chauffés est éligible.
https://uatp4auc.economiedenergie.fr/aide/travaux-eligibles/isolation/L-isolation-des-toitures-terrasses-est-elle-eligible/;Isolation et Prime éco énergie Auchan : l’isolation des toitures terrasses est-elle éligible en maison individuelle ? Voici la réponse et les modalités.
https://uatp4auc.economiedenergie.fr/aide/travaux-eligibles/isolation/L-isolation-du-plancher-des-combles-correspond-a-quel/;Travaux d'isolation et Prime énergie Auchan : l’isolation du plancher des combles correspond à quel type de dossier ? Voici la réponse et les modailtés.
https://uatp4auc.economiedenergie.fr/aide/travaux-eligibles/isolation/Les-travaux-d-isolation-peuvent-ils-faire-l-objet-d-un/;Prime éco énergie Auchan : Les travaux d’isolation peuvent-ils faire l’objet d’un contrôle qualité ? Découvrez la réponse pour tous les types d'isolation.
https://uatp4auc.economiedenergie.fr/aide/travaux-eligibles/isolation/Qu-est-ce-que-la-resistance-thermique/;Travaux d'isolation : qu’est-ce que la résistance thermique ? Basée sur la conductivité et l'épaisseur du matériau, elle dit l'efficacité de l'isolation.
https://uatp4auc.economiedenergie.fr/aide/travaux-eligibles/isolation/Quelles-sont-les-zones-climatiques-froides/;Quelles sont les zones climatiques froides ? Toutes les régions n'ont pas les mêmes besoins d'isolation. Découvrez dans quelle zone climatique vous êtes.
https://uatp4auc.economiedenergie.fr/aide/travaux-eligibles/isolation/Quels-details-prendre-en-compte-afin-d-eviter-de/;Voici les détails à prendre en compte afin d’éviter de perdre votre éligibilité à la Prime éco énergie Auchan pour l’isolation sous rampants de toiture.
https://uatp4auc.economiedenergie.fr/aide/travaux-eligibles/isolation/Quels-sont-les-criteres-a-respecter-pour-l-isolation/;Isolation et Prime éco énergie Auchan : quels sont les critères à respecter pour l’isolation des rampants de toiture ? Voici la réponse et les modalités.
https://uatp4auc.economiedenergie.fr/aide/travaux-eligibles/pompes-a-chaleur/Je-signe-mon-devis-pour-une-pompe-a-chaleur-air-air-a/;Prime éco énergie Auchan : je signe mon devis pour une pompe à chaleur air/air à partir du 1er avril 2018. Découvrez la puissance nominale nécessaire.
https://uatp4auc.economiedenergie.fr/aide/travaux-eligibles/pompes-a-chaleur/La-pose-d-une-pompe-a-chaleur-pour-l-eau-chaude/;Prime éco énergie Auchan : découvrez si la pose d’une pompe à chaleur pour l’eau chaude sanitaire est une opération éligible à la prime ou non.
https://uatp4auc.economiedenergie.fr/aide/travaux-eligibles/pompes-a-chaleur/Quelle-prime-pour-l-installation-d-une-pompe-a-chaleur/;Remplacement d'une vieille chaudière ou installation d'un nouveau système de chauffage : Découvrez quelle prime pour l’installation d’une pompe à chaleur.
https://uatp4auc.economiedenergie.fr/aide/travaux-eligibles/pompes-a-chaleur/Quelles-aides-pour-une-pompe-a-chaleur-air-air/;Travaux d'économies d'énergie : quelles aides pour une pompe à chaleur air-air ? Découvrez toutes les aides auxquelles vous pouvez prétendre.
https://uatp4auc.economiedenergie.fr/aide/travaux-eligibles/quels-travaux/;Prime éco énergie Auchan : Quels sont les travaux donnant droit à cette prime ? Découvrez la liste des travaux d'économies d'énergie éligibles à la prime.
https://uatp4auc.economiedenergie.fr/conseils-renovation/chauffage-economique/le-chauffage-au-bois/Ce-qu-il-faut-savoir-sur-le_poele_a_bois/Le-poele/poele-a-bois/prix2/;Vous souhaitez installer un poêle à bois ? Découvrez les informations relatives au prix de ce chauffage qui varie en fonction de sa technologie.
https://uatp4auc.economiedenergie.fr/conseils-renovation/isolation-thermique/isolation-toiture/combles/;Travaux de rénovation énergétique et isolation des combles? Auchan vous propose une série de conseils : méthode, avantages, éligibilité à la prime énergie.
https://uatp4auc.economiedenergie.fr/Les-eco-gestes/;Le chauffage est le premier poste de consommation énergétique des ménages. Découvrez tous les éco gestes au quotidien pour diminuer la facture d'énergie.
https://uatp4auc.economiedenergie.fr/les-travaux-eligibles/travaux-chauffage-economique/Chauffage-economique-604/pompe-a-chaleur-air-eau/;Prime éco énergie Auchan pour une Pompe à chaleur air-eau ou eau-eau. Quelles sont les différentes étapes pour être éligible et bénéficier de la prime.
