url;titre
https://uatp4auc2.economiedenergie.fr/;Travaux de rénovation : découvrez la Prime Eco Energie Auchan
https://uatp4auc2.economiedenergie.fr/simulation-prime-energie/;Simulation de prime travaux d’économies d’énergie
https://uatp4auc2.economiedenergie.fr/financement-travaux/les-aides-de-anah/;Aides de l'ANAH : conditions et montants 2022
https://uatp4auc2.economiedenergie.fr/financement-travaux/Credit-d-impot-pour-la-Transition-energetique-CITE/;Les dispositifs qui remplacent le crédit d'impôt énergie
https://uatp4auc2.economiedenergie.fr/financement-travaux/les-autres-aides-disponibles/;Rénovation énergétique : tous les dispositifs d’aides
https://uatp4auc2.economiedenergie.fr/actualites/prime-eco-energie-prolongement-des-offres/;CEE et prime éco énergie : la 5e période
https://uatp4auc2.economiedenergie.fr/programme-eco-energie/Qui-peut-beneficier-du-Coup-de-pouce/;Coup de Pouce Chauffage : comment en bénéficier ?
https://uatp4auc2.economiedenergie.fr/programme-eco-energie/Qu-est-ce-que-le-Bonus-Eco-Energie/;Bonus Eco Energie : comment en bénéficier ?
https://uatp4auc2.economiedenergie.fr/programme-eco-energie/Quels-sont-les-montants-des-primes-Coup-de-pouce/;Prime coup de pouce chauffage : quel montant pour cette aide ?
https://uatp4auc2.economiedenergie.fr/aide/travaux-eligibles/isolation/;La liste des travaux éligible à la prime isolation Auchan
https://uatp4auc2.economiedenergie.fr/espace-installateur/;Professionnels : les avantages de la prime économie d'énergie
https://uatp4auc2.economiedenergie.fr/actualites/RE2020-decryptage-decret-exigences-methodes/;RE 2020 - décryptage du décret Exigences et méthodes
https://uatp4auc2.economiedenergie.fr/actualites/RE2020-quel-chauffage-maison-neuve/;Quel chauffage choisir pour une maison neuve RE 2020
https://uatp4auc2.economiedenergie.fr/actualites/Renovation-et-assurance-dommage-ouvrage-suivez-le/;Rénovation et assurance dommage-ouvrage – le guide
https://uatp4auc2.economiedenergie.fr/actualites/penurie-matiere-premiere-batiment/;Conséquences de la pénurie de matériaux sur mes travaux
https://uatp4auc2.economiedenergie.fr/actualites/financement-travaux-copropriete/;Travaux énergétiques des copropriétés - quelles aides
https://uatp4auc2.economiedenergie.fr/actualites/garder-la-chaleur-dans-son-logement/;Comment conserver la chaleur à l'intérieur de son logement ?
https://uatp4auc2.economiedenergie.fr/actualites/coefficient-uw-bien-choisir-fenetres/;Coefficients Uw, Sw, etc. - Bien choisir vos fenêtres
https://uatp4auc2.economiedenergie.fr/actualites/portail-solaire/;Portail à motorisation solaire : quelles économies ?
https://uatp4auc2.economiedenergie.fr/actualites/infographie-eco-gestes-cuisson/;Les éco gestes cuisson, des économies jusque dans la cuisine.
https://uatp4auc2.economiedenergie.fr/les-travaux-eligibles/travaux-chauffage-economique/;Chauffage et régulation thermique - Les bons gestes
https://uatp4auc2.economiedenergie.fr/les-travaux-eligibles/travaux-chauffage-economique/Chauffage-economique-604/poele_a_bois_poele_a_granules_poele_a_buche_cheminee/;Poêle à bois : les démarche pour la Prime Eco Energie
https://uatp4auc2.economiedenergie.fr/actualites/consequences-porte-entree-non-performante/;Ma porte d’entrée laisse passer l’air - Comment réagir
https://uatp4auc2.economiedenergie.fr/actualites/label-BBC-principes-declinaisons/;Label BBC : quels sont les principes et déclinaisons ?
https://uatp4auc2.economiedenergie.fr/actualites/Economie-circulaire-de-quoi-s-agit-il-et-quel-est-son/;Economie circulaire et consommations énergétiques
https://uatp4auc2.economiedenergie.fr/conseils-renovation/isolation-thermique/isolation-toiture/combles/;Isolation des combles ou toitures et prime éco énergie
https://uatp4auc2.economiedenergie.fr/actualites/Chaudiere-haute-performance-energetique-un-Coup-de/;Coup de pouce Chauffage : les changements annoncés
https://uatp4auc2.economiedenergie.fr/actualites/aides-anah-ademe/;Prime ADEME : des aides pour financer vos travaux de rénovation
https://uatp4auc2.economiedenergie.fr/aide/Quels-documents-fournir-pour-mon-dossier-travaux/;Prime Eco Energie - quels documents pour mon dossier
https://uatp4auc2.economiedenergie.fr/actualites/Renovation-des-petites-surfaces-astuces-et-conseils/;Quels documents pour mon dossier Prime Eco Energie
https://uatp4auc2.economiedenergie.fr/aide/Quel-est-le-delai-pour-vous-envoyer-mon-dossier/;Quel délai pour envoyer mon dossier Prime Eco Energie
https://uatp4auc2.economiedenergie.fr/actualites/Mon-Accompagnateur-Renov-ce-qu-il-faut-savoir/;Mon Accompagnateur Rénov’ vous assiste dans vos travaux
https://uatp4auc2.economiedenergie.fr/actualites/epaisseur-materiau-pour-isolation-performante/;Quelle épaisseur de matériau pour une bonne isolation
https://uatp4auc2.economiedenergie.fr/actualites/realiser-des-economies-denergie-avec-domotique/;Comment faire des économies d'énergie avec la domotique
https://uatp4auc2.economiedenergie.fr/aide/Qui-peut-beneficier-de-la-prime-634/;Prime Eco Energie : comment en bénéficier ?
https://uatp4auc2.economiedenergie.fr/programme-eco-energie/Quelles-sont-les-autres-actions-de-renovation/;La Prime Eco Energie : pour quels travaux ?
https://uatp4auc2.economiedenergie.fr/les-travaux-eligibles/travaux-isolation-thermique/isolation-toiture-terrasse/;Isoler un toit terrasse : votre dossier travaux 
https://uatp4auc2.economiedenergie.fr/aide/Comment-telecharger-mon-Attestation-sur-l-Honneur/;Télécharger mon attestation sur l'honneur : la méthode
https://uatp4auc2.economiedenergie.fr/les-travaux-eligibles/travaux-isolation-thermique/fenetre-ou-porte-fenetre/;Obtenir la prime énergie pour un changement de fenêtres
https://uatp4auc2.economiedenergie.fr/mon-espace/?mod=inscrire;Connectez-vous à votre espace personnel Prime Eco Energie 
https://uatp4auc2.economiedenergie.fr/actualites/Isoler-un-grenier-pourquoi-et-comment-proceder/;Pourquoi isoler un grenier et techniques d’isolation
https://uatp4auc2.economiedenergie.fr/actualites/Travaux-de-renovation-energetique-quelles-sont-les/;Autorisations à obtenir pour une rénovation énergétique
https://uatp4auc2.economiedenergie.fr/conseils-renovation/isolation-thermique/isolation-toiture/epaisseur-isolant/;Toiture : comment déterminer la bonne épaisseur d'isolant ?
https://uatp4auc2.economiedenergie.fr/les-travaux-eligibles/travaux-isolation-thermique/isolation-des-rampants-de-toiture/;Dossier travaux isolation des combles - Quels documents
https://uatp4auc2.economiedenergie.fr/actualites/infographie-types-d-isolants/;Isolants et techniques d'isolation en un coup d'oeil !
https://uatp4auc2.economiedenergie.fr/actualites/Renovation-energetique-comment-bien-choisir-ses/;Comment choisir ses fenêtres en rénovation énergétique
https://uatp4auc2.economiedenergie.fr/les-travaux-eligibles/travaux-chauffage-economique/Chauffage-economique-604/pompe-a-chaleur-air-eau/;PAC air-eau ou eau-eau : demander la prime éco-énergie
https://uatp4auc2.economiedenergie.fr/les-travaux-eligibles/energie-renouvelable/systeme_solaire_combine/;Système solaire combiné et Prime Eco Energie
https://uatp4auc2.economiedenergie.fr/aide/L-offre-Coup-de-pouce-Economies-d-Energie/;Offre Coup de pouce Chauffage et Prime Eco Energie
https://uatp4auc2.economiedenergie.fr/aide/Comment-creer-mon-dossier-travaux/;Prime éco-énergie : comment créer mon dossier travaux
https://uatp4auc2.economiedenergie.fr/actualites/nouveau-DPE-que-dit-la-loi/;Nouveau DPE: tout savoir sur les changements en 2022
https://uatp4auc2.economiedenergie.fr/les-travaux-eligibles/travaux-isolation-thermique/travaux-isolation-des-murs/;Isolation des murs : votre dossier travaux
https://uatp4auc2.economiedenergie.fr/les-travaux-eligibles/travaux-chauffage-economique/Chauffage-economique-604/Les-etapes-pour-beneficier-de-la-Prime-Eco-Energie/;Pompe à chaleur hybride individuelle : le dossier de travaux
https://uatp4auc2.economiedenergie.fr/actualites/comment-bien-isoler-conduit-cheminee/;Bien isoler un conduit de cheminée : le guide complet
https://uatp4auc2.economiedenergie.fr/actualites/tourisme-ecologie/;Réduire le bilan carbone des établissements de tourisme
https://uatp4auc2.economiedenergie.fr/actualites/parents-mode-demploi-auchan/;Prime Eco Energie Auchan vue dans Parents mode d’emploi
https://uatp4auc2.economiedenergie.fr/conseils-renovation/chauffage-economique/la-pompe-a-chaleur/air-eau/;Pompe à chaleur air eau : comment ça marche - entretien
https://uatp4auc2.economiedenergie.fr/mon-espace/;Connectez-vous à votre espace pour suivre votre dossier travaux 
https://uatp4auc2.economiedenergie.fr/actualites/fin-chauffage-gaz-report-2022/;Fin du chauffage gaz dans le neuf : report janvier 2022
https://uatp4auc2.economiedenergie.fr/conseils-renovation/chauffage-economique/;Bien choisir son système de chauffage : suivez le guide
https://uatp4auc2.economiedenergie.fr/actualites/Passoires-thermiques-interdites-a-la-location-des/;Interdiction location passoire thermique et exceptions
https://uatp4auc2.economiedenergie.fr/conseils-renovation/chauffage-economique/chauffage-a-eau-chaude/chaudieres-a-haute-performance/;Comment fonctionne une chaudière haute performance
https://uatp4auc2.economiedenergie.fr/actualites/video-constituer-son-dossier/;Vidéo : documents à fournir pour avoir ma prime énergie
https://uatp4auc2.economiedenergie.fr/financement-travaux/cumul-prime-eco/;Prime Eco Energie : quels cumuls possibles avec les aides ANAH
https://uatp4auc2.economiedenergie.fr/actualites/Comment-gagner-les-combles-perdus-toutes-les-solutions/;Aménager ses combles : quelles solutions
https://uatp4auc2.economiedenergie.fr/actualites/en-quoi-consiste-audit-energetique/;Audit énergétique : top départ d’une rénovation globale
https://uatp4auc2.economiedenergie.fr/actualites/Certificats-d-economie-d-energie-des-objectifs-revus-a/;CEE 2022-2025 : objectifs à la hausse pour la période
https://uatp4auc2.economiedenergie.fr/actualites/professionnel-isolation/;Travaux d'isolation : pourquoi prendre un artisan
https://uatp4auc2.economiedenergie.fr/aide/les-aides-et-les-financements/;Travaux d’économies d’énergie : aides et financements
https://uatp4auc2.economiedenergie.fr/aide/travaux-eligibles/pompes-a-chaleur/;Pompes à chaleur éligibles Prime Eco Energie Auchan
https://uatp4auc2.economiedenergie.fr/actualites/pompe-a-chaleur-thermique-comment-ca-marche/;Pompe à chaleur géothermique, tout ce qu’il faut savoir
https://uatp4auc2.economiedenergie.fr/aide/reclamations-commerciales/;Prime Eco Energie Auchan : refus de mon dossier
https://uatp4auc2.economiedenergie.fr/actualites/comment-obliger-proprietaire-faire-travaux/;Travaux d’isolation : les obligations du propriétaire
https://uatp4auc2.economiedenergie.fr/actualites/conference-climat-cop-26/;26eme sommet de l’ONU à Glasgow : les avancées majeures
https://uatp4auc2.economiedenergie.fr/actualites/Loi-Climat-et-Resilience-toutes-les-infos-a-retenir/;Passoires thermiques et loi Climat et Résilience
https://uatp4auc2.economiedenergie.fr/actualites/coup-de-pouce-chauffage/;Coup de pouce Chauffage : les engagements Auchan
https://uatp4auc2.economiedenergie.fr/actualites/luminosite/;Changer de fenêtres : faites entrer la lumimère chez vous
https://uatp4auc2.economiedenergie.fr/actualites/Renovation-energetique-deviendra-t-elle-obligatoire/;Rénovation passoires thermiques obligatoire dès 2030 ?
https://uatp4auc2.economiedenergie.fr/actualites/evenement-developpement-durable/;Semaine européenne développement durable - Infographie
https://uatp4auc2.economiedenergie.fr/les-travaux-eligibles/travaux-isolation-thermique/isolation-des-combles-perdus/;Isolation des combles : le dossier de travaux
https://uatp4auc2.economiedenergie.fr/conseils-renovation/isolation-thermique/;Comment bien isoler thermiquement sa maison ?
https://uatp4auc2.economiedenergie.fr/aide/le-dispositif/;Le dispositif CEE en pratique
https://uatp4auc2.economiedenergie.fr/les-travaux-eligibles/travaux-chauffage-economique/Chauffage-economique-604/travaux-plancher-chauffant/;Plancher chauffant basse température et Prime Energie
https://uatp4auc2.economiedenergie.fr/aide/normes-et-certifications/;Normes et certifications pour la Prime Eco Energie
https://uatp4auc2.economiedenergie.fr/actualites/coup-pouce-velo-projet-alveole/;Le Coup de pouce Vélo : passez au deux-roue !
https://uatp4auc2.economiedenergie.fr/programme-eco-energie/comment-beneficier-des-primes-eco-energie/;Prime Eco Energie : les étapes pour en bénéficier
https://uatp4auc2.economiedenergie.fr/comment-constituer-mon-dossier/delais-d-envoi-de-votre-dossier-travaux/;Quand envoyer votre dossier travaux Prime Eco Energie ?
https://uatp4auc2.economiedenergie.fr/actualites/comment-declarer-poele-a-bois/;Déclarer un poêle à bois ou granulés pour le CITE 2021
https://uatp4auc2.economiedenergie.fr/conseils-renovation/isolation-thermique/isolation-toiture/prix-combles-perdus/;Techniques et Prix de l'isolation des combles perdus
https://uatp4auc2.economiedenergie.fr/actualites/comprendre-la-cop21/;La COP 21 : tout savoir avec la Prime Eco Energie Auchan
https://uatp4auc2.economiedenergie.fr/actualites/Investissement-locatif-quels-travaux-de-renovation/;Travaux de rénovation déductibles des revenus fonciers
https://uatp4auc2.economiedenergie.fr/conseils-renovation/chauffage-economique/la-pompe-a-chaleur/Ce-qu-il-faut-savoir-sur-la-pompe-a-chaleur-hybride/; Pompe à chaleur hybride individuelle : ce qu'il faut savoir
https://uatp4auc2.economiedenergie.fr/actualites/loi-agec-consequence-renovation/;Conséquences de la loi AGEC sur les rénovations
https://uatp4auc2.economiedenergie.fr/Mentions-legales-et-CGU-du-site-applicables-jusqu-au/;CGU et mentions légales 2021 Prime Eco Energie Auchan
https://uatp4auc2.economiedenergie.fr/actualites/Quel-est-l-impact-du-confinement-sur-votre-facture/;Confinement et consommation énergétique : un "boom" confirmé ?
https://uatp4auc2.economiedenergie.fr/les-travaux-eligibles/travaux-isolation-thermique/fenetre-de-toiture/;Fenêtres de toiture : modalités pour avoir la prime CEE
https://uatp4auc2.economiedenergie.fr/conseils-renovation/isolation-thermique/isolations-des-murs/humidite/;Isolation d'un mur humide : techniques et isolants
https://uatp4auc2.economiedenergie.fr/les-travaux-eligibles/travaux-chauffage-economique/regulation-thermique/robinet-thermostatique/;Robinet thermostatique : étapes clés du dossier travaux
https://uatp4auc2.economiedenergie.fr/actualites/Reglementation-environnementale-2020-le-guide-pour/;Nouvelle norme RE 2020, moins d’impact, plus de confort
https://uatp4auc2.economiedenergie.fr/programme-eco-energie/Qui-peut-beneficier-du-Bonus-Eco-Energie/;Bonus Éco Énergie, quels sont les plafonds de revenus
https://uatp4auc2.economiedenergie.fr/aide/Comment-me-sera-versee-ma-prime/;Versement Prime Eco Energie Auchan : les modalités
https://uatp4auc2.economiedenergie.fr/financement-travaux/les-autres-aides-disponibles/les-aides-des-collectivites-locales/;Travaux de rénovation : aides des collectivités locales
https://uatp4auc2.economiedenergie.fr/les-travaux-eligibles/energie-renouvelable/;En savoir plus sur les installations à énergie renouvelable.
https://uatp4auc2.economiedenergie.fr/les-travaux-eligibles/travaux-chauffage-economique/Chauffage-economique-604/chaudiere-biomasse/;Faire mon dossier travaux pour une chaudière biomasse
https://uatp4auc2.economiedenergie.fr/conseils-renovation/isolation-thermique/isolation-toiture/toiture-terrasse/;Isoler une toiture terrasse : pourquoi et comment
https://uatp4auc2.economiedenergie.fr/actualites/principes-maison-bioclimatique/;Maison bioclimatique : principes et construction
https://uatp4auc2.economiedenergie.fr/conseils-renovation/isolation-thermique/isolations-des-murs/isolation-interieure-maison-ancienne/;Isoler une maison ancienne par l'intérieur
https://uatp4auc2.economiedenergie.fr/actualites/plan-renovation-energetique2/;Balade thermique, l’analyse des déperditions de chaleur
https://uatp4auc2.economiedenergie.fr/aide/Comment-savoir-si-l-artisan-que-j-ai-choisi-est-un-641/;Comment vérifier qu’un artisan est bien certifié RGE
https://uatp4auc2.economiedenergie.fr/actualites/bilan2018/;Certificats d'énergie et prime éco énergie : bilan 2018
https://uatp4auc2.economiedenergie.fr/aide/Peut-on-cumuler-la-prime-avec-d-autres-aides-du-meme/;Cumul Prime Eco Energie et autres aides du même type
https://uatp4auc2.economiedenergie.fr/actualites/3-conseils-artisan-rge/;Trouvez votre artisan RGE grâce à nos conseils
https://uatp4auc2.economiedenergie.fr/programme-eco-energie/Comment-beneficier-du-Coup-de-pouce-Chauffage/;Changer votre chaudière : à quelles aides avez-vous droit ?
https://uatp4auc2.economiedenergie.fr/aide/travaux-eligibles/;Prime Eco Energie Auchan : travaux éligibles
https://uatp4auc2.economiedenergie.fr/actualites/Ma-Prime-Renov-conseils-et-astuces-pour-en-beneficier/;Comment bénéficier de MaPrimeRénov, conseils et astuces
https://uatp4auc2.economiedenergie.fr/actualites/economies-technologie/;Comment réduire ma facture d’énergie avec la domotique
https://uatp4auc2.economiedenergie.fr/actualites/infographie-eco-gestes-eclairage/;5 écogestes éclairage pour réduire votre consommation électrique
https://uatp4auc2.economiedenergie.fr/les-travaux-eligibles/travaux-chauffage-economique/Chauffage-economique-604/chaudiere-haute-performance-energetique/;Chaudière à haute performance énergétique : le dossier travaux
https://uatp4auc2.economiedenergie.fr/actualites/economie-panneau-solaire/;Panneaux solaires : économies, rentabilité et aides
https://uatp4auc2.economiedenergie.fr/actualites/Reglementation-le-chauffage-au-gaz-interdit-dans-les/;Chauffage au gaz : la RE2020 l’interdit dans le neuf
https://uatp4auc2.economiedenergie.fr/les-travaux-eligibles/travaux-chauffage-economique/Chauffage-economique-604/travaux-radiateur-basse-temperature/;Radiateur basse température et prime éco énergie Auchan
https://uatp4auc2.economiedenergie.fr/conseils-renovation/energies-renouvelables/Ce-qu-il-faut-savoir-sur-le-systeme-solaire-combine/;Système solaire combiné : ce qu’il faut savoir 
https://uatp4auc2.economiedenergie.fr/actualites/Passoires-thermiques-les-locations-interdites-des-2023/;Location des passoires thermiques interdite dès 2023
https://uatp4auc2.economiedenergie.fr/aide/Comment-beneficier-de-la-prime-636/;Prime Eco Energie Auchan : la méthode pour bénéficier
https://uatp4auc2.economiedenergie.fr/aide/le-choix-de-l-artisan/;Comment choisir un artisan pour la Prime Eco Energie
https://uatp4auc2.economiedenergie.fr/actualites/eco-gestes-bien-ventiler-maison-moins-consommer/;Bien ventiler sa maison, un éco geste très rentable
https://uatp4auc2.economiedenergie.fr/aide/travaux-eligibles/chaudieres/;Travaux de chauffage donnant droit à la Prime Energie
https://uatp4auc2.economiedenergie.fr/aide/la-demarche/informations-cas-particuliers/;Prime Eco Energie Auchan : les réponses à vos questions
https://uatp4auc2.economiedenergie.fr/actualites/ravalement-facade-isolation-thermique/;Ravalement de façade : l’isolation est-elle imposée
https://uatp4auc2.economiedenergie.fr/conseils-renovation/isolation-thermique/isolations-des-planchers/planchers-bas/;Comment bien isoler les sols et les planchers bas
https://uatp4auc2.economiedenergie.fr/actualites/Energies-renouvelables-quelles-solutions-pour-chauffer/;Quel chauffage à énergie renouvelable pour ma maison
https://uatp4auc2.economiedenergie.fr/conseils-renovation/isolation-thermique/isolation-toiture/toiture-plate/;Toiture plate : les techniques d'isolation
https://uatp4auc2.economiedenergie.fr/actualites/presentation-alveole/;Stationnements vélos : 30 000 nouvelles places créées
https://uatp4auc2.economiedenergie.fr/programme-eco-energie/Qu-est-ce-que-le-Coup-de-pouce/;Offre Coup de pouce Chauffage : de quoi s’agit-il ?
https://uatp4auc2.economiedenergie.fr/actualites/prolongation-seconde-periode-dispositif-des-cee/;Prolongation des Certificats d'Economie d'Energie
https://uatp4auc2.economiedenergie.fr/actualites/Travaux-de-renovation-energetique-et-devis-quelles/;Travaux énergétiques : quelles informations dans le devis
https://uatp4auc2.economiedenergie.fr/actualites/aides-locataires-renovation-energetique/;Locataire : quelles aides pour votre rénovation énergétique ?
https://uatp4auc2.economiedenergie.fr/aide/les-caracteristiques-de-la-prime/;Mode de calcul, versement : caractéristiques de la Prime Auchan
https://uatp4auc2.economiedenergie.fr/actualites/Pret-avance-mutation-pour-les-menages-n-ayant-pas/;Prêt Avance Mutation Rénovation : de quoi s’agit-il ?
https://uatp4auc2.economiedenergie.fr/conseils-renovation/isolation-thermique/isolations-des-murs/exterieur-prix/;Isolation des murs extérieurs : les prix au mètre carré
https://uatp4auc2.economiedenergie.fr/actualites/se-chauffer-au-bois/;Chauffage au bois : les conseils pour bien se chauffer
https://uatp4auc2.economiedenergie.fr/actualites/Quels-travaux-privilegier-pendant-l-ete-pour-plus-de/;Quels travaux de rénovation énergétique faire en été ?
https://uatp4auc2.economiedenergie.fr/conseils-renovation/isolation-thermique/isolations-des-murs/exterieur/;Comment isoler vos murs par l'extérieur ?
https://uatp4auc2.economiedenergie.fr/aide/la-carte-de-fidelite-auchan/Le-fonctionnement-de-la-Prime-Eco-Energie/;Prime Eco et carte de fidélité Auchan : vos questions
https://uatp4auc2.economiedenergie.fr/actualites/prise-en-charge-travaux-energetique/;Travaux énergétiques : est-ce au locataire de payer ?
https://uatp4auc2.economiedenergie.fr/les-travaux-eligibles/travaux-chauffage-economique/regulation-thermique/programmateur-intermittence-chauffage-combustible/;Système de régulation par programmation d'intermittence
https://uatp4auc2.economiedenergie.fr/aide/travaux-eligibles/fenetres/;Fenêtres, volets : ai-je droit à la prime éco-énergie
https://uatp4auc2.economiedenergie.fr/actualites/actionlogement/;Les aides d'Action Logement pour les salariés
https://uatp4auc2.economiedenergie.fr/les-travaux-eligibles/travaux-chauffage-economique/Chauffage-economique-604/;Installer un système de chauffage économique et performant 
https://uatp4auc2.economiedenergie.fr/actualites/travaux-renovation-hiver/;Quels travaux de rénovation énergétique avant l’hiver ?
https://uatp4auc2.economiedenergie.fr/actualites/lutter-contre-l-humidite/;Moisissure sur les murs : comment s’en débarrasser ?
https://uatp4auc2.economiedenergie.fr/Mentions-legales-et-CGU-applicables-jusqu-au-24-03/;CGU et Mentions légales en vigueur jusqu’au 24-03-2020
https://uatp4auc2.economiedenergie.fr/actualites/l-apres-cop-21/;Politiques environnementales : quid depuis la COP21 ?
https://uatp4auc2.economiedenergie.fr/comment-constituer-mon-dossier/certifications-et-qualifications-acceptees/;Qualifications et certifications demandées pour la Prime
https://uatp4auc2.economiedenergie.fr/conseils-renovation/energies-renouvelables/chauffe-eau-solaire/;Chauffe-eau solaire  et Prime Eco Energie
https://uatp4auc2.economiedenergie.fr/actualites/Le-bonus-eco-energie-gonfle-votre-prime/;Le Bonus Eco Energie : pour une prime bonifiée !
https://uatp4auc2.economiedenergie.fr/actualites/definition-garantie-parfait-achevement/;7 questions sur la garantie de parfait achèvement
https://uatp4auc2.economiedenergie.fr/actualites/professionnels-reconnus-garants-de-l-environnement-rge/;Artisan RGE : reconnu garant pour l’environnement
https://uatp4auc2.economiedenergie.fr/conseils-renovation/isolation-thermique/changement-de-fenetres/;Changer les fenêtres : avantages et critères de choix
https://uatp4auc2.economiedenergie.fr/conseils-renovation/isolation-thermique/isolations-des-planchers/;Isolation plancher : avantages, méthodes, matériaux
https://uatp4auc2.economiedenergie.fr/aide/travaux-eligibles/autres-travaux/Le-ravalement-de-facade-est-il-une-operation-eligible/;Prime éco énergie : ravalement de façade éligible ?
https://uatp4auc2.economiedenergie.fr/espace-installateur/mes-actualites/aides-activite-artisans/;Où trouver de l'aide pour mes démarches administratives
https://uatp4auc2.economiedenergie.fr/espace-installateur/mes-actualites/Comment-obtenir-la-qualification-RGE-pour-les-travaux/;Professionnel, installateur : vous aussi, devenez entreprise RGE
https://uatp4auc2.economiedenergie.fr/aide/L-offre-Coup-de-pouce-Economies-d-Energie/Comment-beneficier-du-Coup-de-pouce/;Prime Coup de Pouce Chauffage : quels sont les montants
https://uatp4auc2.economiedenergie.fr/aide/la-demarche/inscription-suivi-de-dossier/Je-vois-sur-mon-espace-personnel-qu-il-manque-des/;Comment savoir quels documents manquent à mon dossier ?
https://uatp4auc2.economiedenergie.fr/aide/le-bonus-eco-energie-2/Qu-est-ce-que-le-revenu-fiscal-de-reference/;Revenu fiscal de référence, c’est quoi et où le trouver
https://uatp4auc2.economiedenergie.fr/aide/les-caracteristiques-de-la-prime/Auchan-a-t-il-des-quotas-limitant-le-nombre-de-primes/;Prime Eco Energie Auchan : existe-t-il des quotas ?
https://uatp4auc2.economiedenergie.fr/aide/L-offre-Coup-de-pouce-Economies-d-Energie/L-offre-coup-de-pouce-chauffage-est-elle-cumulable/;Coup de pouce chauffage : cumulable avec MaPrimeRénov ?
https://uatp4auc2.economiedenergie.fr/aide/le-dispositif/Pouvez-vous-m-en-dire-plus-sur-le-dispositif/;Prime Eco Energie Auchan, tout savoir sur le dispositif
https://uatp4auc2.economiedenergie.fr/aide/la-demarche/informations-cas-particuliers/Le-programme-fonctionne-t-il-dans-toute-la-France/;Prime Eco Energie Auchan valable dans toute la France ?
https://uatp4auc2.economiedenergie.fr/aide/travaux-eligibles/pompes-a-chaleur/Quelles-aides-pour-une-pompe-a-chaleur-air-air/;Pompe à chaleur air-air : éligible à quelles aides ?
https://uatp4auc2.economiedenergie.fr/aide/la-carte-de-fidelite-auchan/Je-n-ai-pas-de-compte-Waaoh/Qu-est-ce-qu-une-carte-Waaoh/;Carte Waaoh ! Prime Eco Energie Auchan : tout savoir
https://uatp4auc2.economiedenergie.fr/aide/Les-controles-de-travaux/L-intervention-de-l-organisme-de-controle-est-elle/;Contrôle des travaux prime éco énergie  : est-ce payant
https://uatp4auc2.economiedenergie.fr/aide/les-aides-et-les-financements/Qu-est-ce-que-le-Guichet-unique/;Un Guichet unique pour la rénovation énergétique
https://uatp4auc2.economiedenergie.fr/conseils-renovation/chauffage-economique/la-pompe-a-chaleur/pompes-a-chaleur-eau-eau/prix3/;Pompe à chaleur air-eau : pour tout savoir.
https://uatp4auc2.economiedenergie.fr/aide/les-delais-a-respecter/le-depot-de-dossier/Mes-travaux-ont-pris-du-retard-Combien-de-temps-reste/;Retard dans mes travaux : combien de temps reste-t-il ?
https://uatp4auc2.economiedenergie.fr/aide/la-demarche/informations-cas-particuliers/Quelles-aides-pour-les-proprietaires-bailleurs/;Propriétaire bailleur : les aides travaux énergétiques
https://uatp4auc2.economiedenergie.fr/aide/les-aides-et-les-financements/Peut-on-cumuler-la-prime-avec-MaPrimeRenov/;Prime Energie et MaPrimeRénov : sont-elles cumulables ?
https://uatp4auc2.economiedenergie.fr/aide/la-demarche/informations-cas-particuliers/Mon-installateur-refuse-de-signer-mon-Attestation-sur/;Attestation sur l’Honneur : l’artisan refuse de signer
https://uatp4auc2.economiedenergie.fr/aide/gerer-votre-dossier-et-vos-donnees-personnelles/Je-souhaite-modifier-mon-nom-de-famille/;Prime énergie Auchan : modifier le nom de famille ?
https://uatp4auc2.economiedenergie.fr/aide/L-offre-Coup-de-pouce-Economies-d-Energie/Peut-on-cumuler-le-Coup-de-Pouce-Chauffage-avec-des/;Coup de Pouce Chauffage et aides de l’Etat : quel cumul
https://uatp4auc2.economiedenergie.fr/aide/le-bonus-eco-energie-2/Je-ne-suis-pas-imposable-Puis-je-beneficier-du-Bonus/;Bonus Eco Energie : quid si je ne suis pas imposable ?
https://uatp4auc2.economiedenergie.fr/aide/L-offre-Coup-de-pouce-Economies-d-Energie/Qui-peut-beneficier-du-Coup-de-pouce-2012/;Coup de Pouce Chauffage : qui peut en bénéficier ?
https://uatp4auc2.economiedenergie.fr/aide/la-carte-de-fidelite-auchan/Je-n-ai-pas-de-compte-Waaoh/Puis-je-m-inscrire-avant-de-demander-ma-carte-Auchan/;Je n’ai pas de carte Auchan : puis-je m’inscrire ?
https://uatp4auc2.economiedenergie.fr/aide/le-dispositif/Comment-faire-une-demande-de-MaPrimeRenov/;MaPrimeRénov : comment faire une demande ?
https://uatp4auc2.economiedenergie.fr/aide/travaux-eligibles/pompes-a-chaleur/Je-signe-mon-devis-pour-une-pompe-a-chaleur-air-air-a/;Pompe à chaleur air-air : devis signé après avril 2018
https://uatp4auc2.economiedenergie.fr/aide/travaux-eligibles/autres-travaux/L-installation-d-un-chauffe-eau-solaire-individuel-est/;Chauffe-eau solaire individuel : éligible à la prime ?
https://uatp4auc2.economiedenergie.fr/aide/la-demarche/informations-cas-particuliers/Qu-entendez-vous-par-nombre-de-pieces-principales/;Nombre de pièces principales : quelle définition ?
https://uatp4auc2.economiedenergie.fr/aide/la-demarche/informations-cas-particuliers/Qui-peut-beneficier-de-la-prime-13859/;Prime Eco Energie Auchan : qui peut en bénéficier ?
https://uatp4auc2.economiedenergie.fr/aide/la-carte-de-fidelite-auchan/Le-fonctionnement-de-la-Prime-Eco-Energie/Peut-on-utiliser-la-prime-sur-Auchan-Drive/;Prime Eco Energie Auchan : valable pour le Drive ?
https://uatp4auc2.economiedenergie.fr/aide/qui-peut-beneficier-de-la-prime/Je-souhaite-faire-beneficier-de-la-prime-un-proche/;La prime peut-elle être versée sur la carte d’un proche
https://uatp4auc2.economiedenergie.fr/aide/la-carte-de-fidelite-auchan/Je-n-ai-pas-de-compte-Waaoh/Comment-creer-une-carte-Waaoh/;Carte fidélité Auchan : comment créer ma carte Waooh!
https://uatp4auc2.economiedenergie.fr/aide/travaux-eligibles/isolation/L-isolation-de-plancher-entre-deux-espaces-non/;Isolation de plancher entre deux espaces non chauffés
https://uatp4auc2.economiedenergie.fr/aide/travaux-eligibles/isolation/Les-travaux-d-isolation-peuvent-ils-faire-l-objet-d-un/;Contrôle qualité : quid des travaux d’isolation ?
https://uatp4auc2.economiedenergie.fr/aide/le-bonus-eco-energie-2/Comment-savoir-si-mon-menage-est-compose-de-plusieurs/;Plusieurs foyers fiscaux : où trouver l’information ?
https://uatp4auc2.economiedenergie.fr/aide/les-aides-et-les-financements/Qui-a-droit-a-la-prime-energie/;Prime éco énergie Auchan : qui y a droit ? Les critères
https://uatp4auc2.economiedenergie.fr/aide/la-demarche/inscription-suivi-de-dossier/Je-n-ai-pas-acces-a-Internet-comment-faire/;Pas d’accès Internet : comment demander la prime Auchan
https://uatp4auc2.economiedenergie.fr/aide/les-aides-et-les-financements/Ai-je-droit-au-credit-d-impot/;Crédit d’impôt transition énergétique : y ai-je droit ?
https://uatp4auc2.economiedenergie.fr/aide/travaux-eligibles/chaudieres/article/l-installation-d-une-chaudiere/;Chaudière à haute performance énergétique : éligibilité
https://uatp4auc2.economiedenergie.fr/mentions-legales-et-cgu_applicable_jusqu_au_17_04_2019/;Mentions légales et CGU au 17/04/2019 - Prime Energie Auchan
https://uatp4auc2.economiedenergie.fr/aide/le-dispositif/Pourquoi-les-primes-sont-differentes-d-une-enseigne-a-13858/;Les montants varient selon les enseignes : pourquoi ?
https://uatp4auc2.economiedenergie.fr/aide/le-choix-de-l-artisan/Comment-savoir-si-l-artisan-que-j-ai-choisi-est-un/;Professionnel RGE : comment savoir si c’est le cas ?
https://uatp4auc2.economiedenergie.fr/mentions-legales-et-cgu_applicable_jusqu_au_21_01_2020/;Mentions légales et CGU au 21/01/2020 - Prime Energie Auchan
https://uatp4auc2.economiedenergie.fr/aide/la-demarche/informations-cas-particuliers/Ma-prime-est-elle-susceptible-de-variations/;Prime Eco Energie Auchan : le montant peut-il changer ?
https://uatp4auc2.economiedenergie.fr/aide/L-offre-Coup-de-pouce-Economies-d-Energie/Quel-document-dois-je-fournir-pour-justifier-de-mes-2018/;Prime Eco Energie Auchan : comment est-elle versée ?
https://uatp4auc2.economiedenergie.fr/aide/la-carte-de-fidelite-auchan/J-ai-un-compte-fidelite-Auchan/Comment-enregistrer-ma-carte-Waaoh/;Carte Waooh : comment l’enregistrer sur l’espace client
https://uatp4auc2.economiedenergie.fr/aide/travaux-eligibles/fenetres/La-pose-de-volets-est-elle-une-operation-eligible-1517635/;Pose de volets : éligible à la Prime Eco Energie ?
https://uatp4auc2.economiedenergie.fr/aide/les-delais-a-respecter/versement-de-la-prime/Quel-est-le-delai-de-versement-de-la-prime/;Prime Eco Energie Auchan : versement sous quel délai ?
https://uatp4auc2.economiedenergie.fr/aide/le-choix-de-l-artisan/Qu-est-ce-qu-un-artisan-RGE/;Professionnel RGE, artisan RGE : quelle définition ? 
https://uatp4auc2.economiedenergie.fr/aide/le-choix-de-l-artisan/Vous-etes-un-artisan-et-souhaitez-recevoir-des/;Programme Prime Auchan : comment obtenir la brochure ?
https://uatp4auc2.economiedenergie.fr/aide/travaux-eligibles/isolation/Qu-est-ce-que-la-resistance-thermique/;Résistance thermique : définition et méthode de calcul
https://uatp4auc2.economiedenergie.fr/aide/normes-et-certifications/Qu-est-ce-que-la-mention-RGE/;Mention RGE d’un artisan : quelle est la signification
https://uatp4auc2.economiedenergie.fr/aide/travaux-eligibles/isolation/Quels-details-prendre-en-compte-afin-d-eviter-de/;Isolation rampants de toiture : les détails importants
https://uatp4auc2.economiedenergie.fr/aide/travaux-eligibles/isolation/Quels-sont-les-criteres-a-respecter-pour-l-isolation/;Isolation rampants de toiture : les critères à remplir
https://uatp4auc2.economiedenergie.fr/aide/Les-controles-de-travaux/quels-sont-les-specificites-des-controles-qualite-pour/;Chaudière biomasse individuelle : éléments contrôlés
https://uatp4auc2.economiedenergie.fr/aide/la-carte-de-fidelite-auchan/J-ai-un-compte-fidelite-Auchan/J-ai-oublie-mon-code-secret-ou-souhaite-le-modifier/;Code secret oublié ou à changer : comment faire ?
https://uatp4auc2.economiedenergie.fr/aide/le-dispositif/MaPrimeRenov-est-elle-cumulable-avec-d-autres-aides/;MaPrimeRénov’ : quel cumul avec d’autres aides ?
https://uatp4auc2.economiedenergie.fr/aide/attestation-sur-l-honneur/Je-souhaite-obtenir-une-Attestation-sur-l-Honneur/;Attestation sur l’Honneur vierge : où la trouver ?
https://uatp4auc2.economiedenergie.fr/aide/travaux-eligibles/isolation/L-isolation-de-plancher-entre-deux-espaces-chauffes/;Prime et isolation plancher entre deux espaces chauffés
https://uatp4auc2.economiedenergie.fr/aide/qui-peut-beneficier-de-la-prime/Si-je-suis-locataire-qui-beneficie-de-la-prime/;Un locataire peut-il bénéficier de la Prime Energie ?
https://uatp4auc2.economiedenergie.fr/aide/travaux-eligibles/autres-travaux/La-mise-aux-normes-du-reseau-electrique-est-elle-une/;Mise aux normes du réseau électrique : éligibilité ?
https://uatp4auc2.economiedenergie.fr/aide/travaux-eligibles/chaudieres/L-installation-d-un-programmateur-d-intermittence-pour/;Programme intermittence pour chaudière  : éligibilité ?
https://uatp4auc2.economiedenergie.fr/aide/le-bonus-eco-energie-2/Qu-est-ce-que-le-Bonus-Eco-Energie-300/;Bonus Eco Energie Auchan : les réponses à vos questions
https://uatp4auc2.economiedenergie.fr/aide/qui-peut-beneficier-de-la-prime/Puis-je-beneficier-de-la-prime-pour-ma-residence-a-l/;Résidant à l’étranger, puis-je bénéficier de la prime ?
https://uatp4auc2.economiedenergie.fr/aide/la-demarche/informations-cas-particuliers/Le-Bonus-Eco-Energie-depend-il-du-revenu/;Bonus Eco Energie : dépend-il des ressources du ménage?
https://uatp4auc2.economiedenergie.fr/aide/la-demarche/informations-cas-particuliers/La-prime-Eco-Energie-est-elle-eligible-pour-l/;Investissement locatif : éligibilité prime Energie ?
https://uatp4auc2.economiedenergie.fr/aide/questions-techniques-et-connexion-au-site/Je-n-arrive-pas-a-me-servir-de-mon-mot-de-passe/;Mon mot de passe ne marche pas : comment faire ?
https://uatp4auc2.economiedenergie.fr/aide/travaux-eligibles/quel-materiel/;Choix du matériel par l'installateur pour les travaux de rénovation
https://uatp4auc2.economiedenergie.fr/aide/les-delais-a-respecter/inscription/Mes-travaux-ont-commence-et-je-n-ai-pas-encore-cree/;Travaux commencés avant création du dossier : conseils
https://uatp4auc2.economiedenergie.fr/aide/gerer-votre-dossier-et-vos-donnees-personnelles/J-ai-envoye-mon-dossier-mais-j-ai-eu-une-offre-plus/;Changer d’offre après envoi dossier, est-ce possible ?
https://uatp4auc2.economiedenergie.fr/aide/Les-controles-de-travaux/Quels-travaux-sont-concernes-par-les-controles-sur/;Contrôles qualité : quels travaux sont concernés ? 
https://uatp4auc2.economiedenergie.fr/aide/travaux-eligibles/fenetres/L-installation-de-fenetres-est-elle-une-operation/;Prime Eco Energie Auchan : éligibilité des fenêtres ?
https://uatp4auc2.economiedenergie.fr/aide/travaux-eligibles/autres-travaux/Des-travaux-realises-dans-mon-extension-de-maison-sont/;Eligibilité travaux réalisés dans extension de maison ?
https://uatp4auc2.economiedenergie.fr/aide/travaux-eligibles/fenetres/La-pose-d-une-porte-d-entree-entierement-ou/;Eligibilité prime d’une porte d’entrée avec vitrage ?
https://uatp4auc2.economiedenergie.fr/aide/la-demarche/informations-cas-particuliers/Comment-connaitre-le-montant-de-ma-prime/;Montant de ma Prime Energie Auchan : comment savoir ?
https://uatp4auc2.economiedenergie.fr/aide/le-bonus-eco-energie-2/Comment-beneficier-du-Bonus-Eco-Energie/;Bonus Éco Énergie : comment faire pour en bénéficier ?
https://uatp4auc2.economiedenergie.fr/aide/les-aides-et-les-financements/Peut-on-cumuler-la-prime-avec-le-credit-d-impots/;Prime Eco Energie et crédit d’impôt sont-ils cumulables ? 
https://uatp4auc2.economiedenergie.fr/aide/qui-peut-beneficier-de-la-prime/Une-SCI-peut-elle-beneficier-de-la-prime/;Prime Eco Energie : une SCI peut-elle en bénéficier ?
https://uatp4auc2.economiedenergie.fr/aide/la-demarche/le-versement-de-la-prime/Pouvez-vous-me-donner-le-montant-de-la-prime-a/;Prime éco énergie Auchan : à combien ai-je droit ?
https://uatp4auc2.economiedenergie.fr/aide/qui-peut-beneficier-de-la-prime/Si-mon-installateur-fait-appel-a-une-entreprise-sous/;Eligibilité Prime Energie en cas de sous-traitance ?
https://uatp4auc2.economiedenergie.fr/aide/L-offre-Coup-de-pouce-Economies-d-Energie/Comment-savoir-si-mon-menage-est-compose-de-plusieurs-2020/;Chaudière à condensation : définition, fonctionnement
https://uatp4auc2.economiedenergie.fr/aide/la-carte-de-fidelite-auchan/Je-n-ai-pas-de-compte-Waaoh/Je-souhaite-faire-beneficier-de-la-prime-un-proche-14026/;Prime énergie: puis-je en faire bénéficier un proche ? 
https://uatp4auc2.economiedenergie.fr/espace-installateur/ma-documentation/;Professionnels, installateurs : les travaux éligibles
https://uatp4auc2.economiedenergie.fr/aide/la-carte-de-fidelite-auchan/J-ai-un-compte-fidelite-Auchan/Comment-connaitre-le-montant-disponible-sur-ma-carte/;Solde disponible carte Waaoh : où puis-je le trouver ?
https://uatp4auc2.economiedenergie.fr/aide/attestation-sur-l-honneur/Qu-est-ce-qu-une-Attestation-sur-l-honneur-originale/;Attestation sur l’Honneur originale, ça signifie quoi ?
https://uatp4auc2.economiedenergie.fr/aide/le-dispositif/Quelles-sont-les-conditions-de-MaPrimeRenov-en-2021/;MaPrimeRénov’ en 2022 : quelles sont les conditions ?
https://uatp4auc2.economiedenergie.fr/aide/qui-peut-beneficier-de-la-prime/Un-locataire-en-HLM-peut-il-beneficier-de-la-prime/;Prime Eco Energie Auchan : éligibilité locataire HLM ?
https://uatp4auc2.economiedenergie.fr/aide/la-demarche/informations-cas-particuliers/Comment-beneficier-de-la-prime/;Prime Eco Energie Auchan : comment en bénéficier ?
https://uatp4auc2.economiedenergie.fr/mentions-legales-et-cgu_applicable_jusqu_au_12_11_2020/;Mentions légales et CGU jusqu'au 12/11/2020 - Prime Energie Auchan
https://uatp4auc2.economiedenergie.fr/aide/le-choix-de-l-artisan/Qu-est-ce-que-le-certificat-RGE/;Certificat RGE ou label RGE : de quoi s’agit-il  ?
https://uatp4auc2.economiedenergie.fr/aide/la-demarche/informations-cas-particuliers/Je-fais-construire-ma-maison-ai-je-droit-a-cette-prime/;Prime Energie : éligibilité pour construire une maison?
https://uatp4auc2.economiedenergie.fr/aide/le-dispositif/Qu-est-ce-que-MaPrimeRenov/;Aide rénovation énergétique MaPrimeRénov : c’est quoi ?
https://uatp4auc2.economiedenergie.fr/aide/la-carte-de-fidelite-auchan/J-ai-un-compte-fidelite-Auchan/Je-souhaite-supprimer-ma-carte-Waaoh/;Je veux supprimer ma carte Waaoh : comment faire ?
https://uatp4auc2.economiedenergie.fr/aide/travaux-eligibles/quels-travaux/;Prime Energie Auchan: quels sont les travaux éligibles?
https://uatp4auc2.economiedenergie.fr/aide/les-aides-et-les-financements/Quelles-sont-les-aides-de-l-Etat-pour-2021/;Rénovation énergétique: quelles aides de l’État en 2022
https://uatp4auc2.economiedenergie.fr/aide/les-delais-a-respecter/inscription/Je-n-ai-pas-encore-de-carte-Auchan-mais-je-commence/;Pas de carte Auchan : puis-je commencer mes travaux ?
https://uatp4auc2.economiedenergie.fr/aide/les-aides-et-les-financements/Peut-on-cumuler-la-prime-pour-plusieurs-travaux/;Plusieurs travaux : puis-je cumuler les Primes Energie?
https://uatp4auc2.economiedenergie.fr/aide/la-carte-de-fidelite-auchan/Je-n-ai-pas-de-compte-Waaoh/Quel-type-de-carte-est-valide-pour-ce-dispositif/;Versement de la prime : quel type de carte est valide ?
https://uatp4auc2.economiedenergie.fr/aide/la-carte-de-fidelite-auchan/Le-fonctionnement-de-la-Prime-Eco-Energie/Comment-me-sera-versee-la-prime/;Prime Eco Energie Auchan : comment est-elle versée ?
https://uatp4auc2.economiedenergie.fr/aide/les-aides-et-les-financements/Quelles-types-d-aides-peut-on-cumuler/;Travaux d’économie d’énergie : quelles aides cumuler ?
https://uatp4auc2.economiedenergie.fr/aide/la-demarche/informations-cas-particuliers/La-prime-est-elle-cumulable-avec-d-autres-primes-du/;Prime Eco Energie : quel cumul avec d‘autres primes ?
https://uatp4auc2.economiedenergie.fr/aide/gerer-votre-dossier-et-vos-donnees-personnelles/Comment-puis-je-modifier-mes-donnees-personnelles/;Dossier prime énergie : comment modifier mes données ?
https://uatp4auc2.economiedenergie.fr/aide/la-demarche/informations-cas-particuliers/Si-je-fais-mon-installation-dans-un-pays-etranger-ai/;Eligibilité prime pour une installation à l’étranger ?
https://uatp4auc2.economiedenergie.fr/aide/le-dispositif/Qui-a-le-droit-a-MaPrimeRenov/;MaPrimeRénov : qui peut bénéficier de l’aide de l’ANAH?
https://uatp4auc2.economiedenergie.fr/aide/travaux-eligibles/chaudieres/L-installation-d-un-radiateur-a-basse-temperature-est/;Radiateur basse température : éligible à la prime ?
https://uatp4auc2.economiedenergie.fr/mentions-legales-et-cgu_applicable_jusqu_au_24_06_2020/;Mentions légales et CGU jusqu'au 24/06/2020 - Prime Energie Auchan
https://uatp4auc2.economiedenergie.fr/aide/L-offre-Coup-de-pouce-Economies-d-Energie/Qu-est-ce-que-le-Coup-de-pouce-2011/;Coup de pouce Chauffage, pour changer de chaudière
https://uatp4auc2.economiedenergie.fr/aide/le-choix-de-l-artisan/Vous-etes-un-artisan-et-souhaitez-faire-beneficier-vos/;Artisan, comment faire profiter mes clients de la prime
https://uatp4auc2.economiedenergie.fr/aide/L-offre-Coup-de-pouce-Economies-d-Energie/Peut-on-cumuler-le-Coup-de-pouce-avec-la-Prime-Eco/;Coup de Pouce, prime, bonus, quels cumuls possibles ?
https://uatp4auc2.economiedenergie.fr/aide/la-demarche/informations-cas-particuliers/J-ai-realise-un-dossier-pour-un-autre-programme-mais/;Déjà engagé ailleurs, puis-je changer pour la prime Auchan ?
https://uatp4auc2.economiedenergie.fr/aide/L-offre-Coup-de-pouce-Economies-d-Energie/Comment-obtenir-la-prime-coup-de-pouce-chauffage/;Prime Coup de Pouce Chauffage : comment l’obtenir ?
https://uatp4auc2.economiedenergie.fr/aide/la-carte-de-fidelite-auchan/Le-fonctionnement-de-la-Prime-Eco-Energie/Comment-utiliser-la-prime/;Prime énergie Auchan : quand et comment l’utiliser ?
https://uatp4auc2.economiedenergie.fr/aide/la-carte-de-fidelite-auchan/J-ai-un-compte-fidelite-Auchan/Comment-utiliser-la-cagnotte-pour-regler-les-courses/;Cagnotte Waaoh : comment faire pour payer mes courses ?
https://uatp4auc2.economiedenergie.fr/aide/les-delais-a-respecter/versement-de-la-prime/Je-n-ai-pas-encore-le-versement-de-la-prime/;Prime Energie Auchan : pas encore reçu le versement ?
https://uatp4auc2.economiedenergie.fr/aide/attestation-sur-l-honneur/Le-telechargement-de-l-Attestation-sur-l-Honneur-ne/;Attestation sur l’Honneur : problèmes de téléchargement
https://uatp4auc2.economiedenergie.fr/aide/L-offre-Coup-de-pouce-Economies-d-Energie/Quel-est-le-delai-de-versement-de-la-prime-coup-de/;Coup de Pouce Chauffage Auchan : quel délai de versement ?
https://uatp4auc2.economiedenergie.fr/aide/le-dispositif/Comment-calculer-le-montant-de-MaPrimeRenov/;MaPrimeRénov : comment calculer le montant de ma prime?
https://uatp4auc2.economiedenergie.fr/aide/travaux-eligibles/autres-travaux/Le-changement-de-toiture-est-il-une-operation-eligible/;Prime énergie : éligibilité du changement de toiture ?
https://uatp4auc2.economiedenergie.fr/aide/Les-controles-de-travaux/Comment-savoir-si-mon-dossier-est-soumis-a-une/;Contrôle qualité : mes travaux y seront-ils soumis ?
https://uatp4auc2.economiedenergie.fr/aide/Les-controles-de-travaux/J-isole-mes-combles-perdus-suis-je-situe-dans-une-zone/;Isolation combles perdus : zone climatique et impact
https://uatp4auc2.economiedenergie.fr/aide/les-delais-a-respecter/le-depot-de-dossier/Quel-est-le-delai-pour-creer-un-dossier/;Prime Eco Energie : quel délai pour créer mon dossier ?
https://uatp4auc2.economiedenergie.fr/aide/travaux-eligibles/isolation/L-isolation-de-murs-entre-deux-espaces-chauffes-est/;Eligibilité isolation murs entre deux espaces chauffés?
https://uatp4auc2.economiedenergie.fr/aide/travaux-eligibles/autres-travaux/Je-vais-faire-effectuer-d-autres-travaux-d-economie-d/;Travaux d’économie d’énergie non éligibles : pourquoi ?
https://uatp4auc2.economiedenergie.fr/aide/la-demarche/inscription-suivi-de-dossier/Comment-savoir-si-vous-avez-bien-recu-mes-documents/;Dossier prime énergie : comment savoir si complet ?
https://uatp4auc2.economiedenergie.fr/aide/la-carte-de-fidelite-auchan/Le-fonctionnement-de-la-Prime-Eco-Energie/Peut-on-utiliser-la-prime-pour-le-carburant/;Utiliser la prime en achat carburant: est-ce possible ?
https://uatp4auc2.economiedenergie.fr/aide/le-dispositif/C-est-un-piege-que-me-demandez-vous-en-contrepartie/;Prime Energie : où est le piège, quelle contrepartie ?
https://uatp4auc2.economiedenergie.fr/aide/la-demarche/informations-cas-particuliers/Le-Bonus-Eco-Energie-depend-il-du-nombre-de-personnes/;Bonus Eco Energie et nombre de personnes du foyer
https://uatp4auc2.economiedenergie.fr/aide/travaux-eligibles/isolation/L-isolation-du-plancher-des-combles-correspond-a-quel/;Isolation plancher des combles : quel type de dossier ?
https://uatp4auc2.economiedenergie.fr/aide/la-demarche/informations-cas-particuliers/Je-souhaite-faire-des-travaux-dans-ma-residence/;Prime énergie et travaux dans une résidence secondaire
https://uatp4auc2.economiedenergie.fr/aide/la-carte-de-fidelite-auchan/Le-fonctionnement-de-la-Prime-Eco-Energie/Mon-numero-de-compte-fidelite-est-rejete-lors-de-la/;Création dossier prime : numéro compte fidélité rejeté
https://uatp4auc2.economiedenergie.fr/aide/reclamations-commerciales/Je-ne-comprends-pas-le-refus-de-mon-dossier/;Refus dossier Prime Eco Energie Auchan : pourquoi ?
https://uatp4auc2.economiedenergie.fr/aide/la-carte-de-fidelite-auchan/Le-fonctionnement-de-la-Prime-Eco-Energie/Ou-se-trouve-votre-numero-de-compte-fidelite/;Prime Auchan : où trouver le numéro de compte fidélité?
https://uatp4auc2.economiedenergie.fr/aide/les-delais-a-respecter/le-depot-de-dossier/Quel-est-le-delai-pour-vous-envoyer-le-dossier/;Prime Auchan : quel délai d’envoi du dossier complet ?
https://uatp4auc2.economiedenergie.fr/aide/la-demarche/inscription-suivi-de-dossier/Puis-je-faire-deux-demandes-de-prime-pour-un-meme-type/;Demande nouvelle prime pour un même type de travaux
https://uatp4auc2.economiedenergie.fr/aide/travaux-eligibles/autres-travaux/La-pose-de-panneaux-photovoltaiques-est-elle-une/;Prime énergie : éligibilité panneaux photovoltaïques ?
https://uatp4auc2.economiedenergie.fr/aide/la-carte-de-fidelite-auchan/J-ai-un-compte-fidelite-Auchan/Je-viens-de-creer-ma-carte-de-fidelite-Waaoh-comment-l/;Carte Waaoh : comment l’activer après sa création ?
https://uatp4auc2.economiedenergie.fr/aide/L-offre-Coup-de-pouce-Economies-d-Energie/Quels-travaux-pour-la-prime-coup-de-pouce-chauffage/;Prime Coup de Pouce Chauffage : pour quels travaux ?
https://uatp4auc2.economiedenergie.fr/aide/L-offre-Coup-de-pouce-Economies-d-Energie/Qu-est-ce-que-le-revenu-fiscal-de-reference-2017/;Prime Coup de Pouce Chauffage : critères de revenus ?
https://uatp4auc2.economiedenergie.fr/aide/Les-controles-de-travaux/Si-mon-dossier-fait-l-objet-d-une-operation-de/;Contrôle qualité sur site de mon dossier : quoi faire ?
https://uatp4auc2.economiedenergie.fr/aide/le-choix-de-l-artisan/Si-mon-installateur-fait-appel-a-une-entreprise-sous-14060/;Prime Energie : quid si mon installateur sous-traite ?
https://uatp4auc2.economiedenergie.fr/aide/gerer-votre-dossier-et-vos-donnees-personnelles/Je-me-suis-trompe-j-ai-cree-deux-fois-le-meme-dossier/;J’ai créé deux fois le même dossier : comment faire ?
https://uatp4auc2.economiedenergie.fr/aide/la-carte-de-fidelite-auchan/Le-fonctionnement-de-la-Prime-Eco-Energie/Peut-on-utiliser-la-prime-sur-Auchan-fr/;Utiliser la prime sur Auchan.fr : est-ce possible ?
https://uatp4auc2.economiedenergie.fr/aide/la-carte-de-fidelite-auchan/Je-n-ai-pas-de-compte-Waaoh/Puis-je-faire-mes-travaux-avant-de-demander-ma-carte/;Puis-je faire mes travaux avant d'avoir la carte Waaoh ? 
https://uatp4auc2.economiedenergie.fr/aide/qui-peut-beneficier-de-la-prime/Le-programme-fonctionne-il-dans-toute-la-France/;Prime Eco Energie Auchan : une aide nationale 
https://uatp4auc2.economiedenergie.fr/aide/la-demarche/informations-cas-particuliers/La-prime-depend-elle-du-revenu/;Montant de la prime énergie : incidence des revenus ?
https://uatp4auc2.economiedenergie.fr/aide/la-demarche/informations-cas-particuliers/Qu-est-ce-qu-une-maison-individuelle/;Prime Energie Auchan : définition maison individuelle
https://uatp4auc2.economiedenergie.fr/aide/travaux-eligibles/fenetres/Les-travaux-de-veranda-sont-ils-une-operation-eligible/;Prime Energie : éligibilité des travaux de véranda ?
https://uatp4auc2.economiedenergie.fr/aide/travaux-eligibles/isolation/L-isolation-de-murs-entre-deux-espaces-non-chauffes/;Eligibilité isolation murs entre espaces non chauffés ?
https://uatp4auc2.economiedenergie.fr/aide/la-demarche/inscription-suivi-de-dossier/Ou-peut-on-telecharger-les-formulaires-pour-s-inscrire/;Prime Eco Energie Auchan : où s'inscrire ? 
https://uatp4auc2.economiedenergie.fr/aide/les-caracteristiques-de-la-prime/La-prime-est-elle-proportionnelle-au-montant-des/;Prime Energie : montant proportionnel aux travaux ?
https://uatp4auc2.economiedenergie.fr/aide/qui-peut-beneficier-de-la-prime/Je-construis-ma-maison-puis-je-beneficier-de-cette/;Puis-je avoir la prime pour construire ma maison ?
https://uatp4auc2.economiedenergie.fr/aide/les-caracteristiques-de-la-prime/Y-a-il-un-plafond-pour-la-prime/;Prime Eco Energie Auchan : existe-t-il un plafond ?
https://uatp4auc2.economiedenergie.fr/aide/travaux-eligibles/autres-travaux/Quelles-aides-pour-une-pompe-a-chaleur/;Pompe à chaleur : de quelles aides puis-je bénéficier ?
https://uatp4auc2.economiedenergie.fr/aide/la-demarche/informations-cas-particuliers/Ou-puis-je-trouver-la-date-de-fin-de-construction-de/;Date de construction de ma maison  : où la trouver ?
https://uatp4auc2.economiedenergie.fr/aide/le-dispositif/Quand-faire-la-demande-de-prime-energie/;Prime Eco Energie Auchan : quand faire la demande ?
https://uatp4auc2.economiedenergie.fr/aide/travaux-eligibles/chaudieres/L-installation-de-plancher-chauffant-est-elle-une/;Prime Energie Auchan : éligibilité plancher chauffant ?
https://uatp4auc2.economiedenergie.fr/aide/qui-peut-beneficier-de-la-prime/Qui-peut-beneficier-de-la-prime-14034/;Prime éco énergie Auchan : puis-je en bénéficier ?
https://uatp4auc2.economiedenergie.fr/aide/la-demarche/le-versement-de-la-prime/Combien-de-temps-faut-il-compter-pour-que-la-prime/;Versement prime : combien de temps faut-il compter ?
https://uatp4auc2.economiedenergie.fr/aide/la-demarche/le-versement-de-la-prime/De-quelle-maniere-me-sera-versee-la-prime/;Prime Eco Energie : elle est versée de quelle manière ?
https://uatp4auc2.economiedenergie.fr/aide/travaux-eligibles/autres-travaux/La-pose-d-un-chauffe-eau-thermodynamique-est-elle-une/;Chauffe-eau thermodynamique : quelle éligibilité ?
https://uatp4auc2.economiedenergie.fr/aide/travaux-eligibles/autres-travaux/Le-changement-d-une-chaudiere-collective-est-elle-une/;Changement chaudière collective : éligibilité prime ?
https://uatp4auc2.economiedenergie.fr/aide/Les-controles-de-travaux/Comment-connaitre-le-retour-de-l-organisme-certifie/;Contrôle des travaux : comment connaître le résultat ?
https://uatp4auc2.economiedenergie.fr/aide/travaux-eligibles/isolation/Quelles-sont-les-zones-climatiques-froides/;Zones climatiques froides : ma maison en fait-elle partie ?
https://uatp4auc2.economiedenergie.fr/aide/travaux-eligibles/fenetres/La-pose-de-Velux-est-elle-une-operation-eligible/;Velux et fenêtre de toiture : ai-je droit à la prime ?
https://uatp4auc2.economiedenergie.fr/aide/le-bonus-eco-energie-2/Qui-peut-beneficier-du-Bonus-Eco-Energie-301/;Bonus Éco Énergie : quels critères pour en bénéficier ?
https://uatp4auc2.economiedenergie.fr/aide/la-demarche/inscription-suivi-de-dossier/Quels-sont-les-justificatifs-a-fournir/;Prime Eco Energie Auchan, quels justificatifs fournir ?
https://uatp4auc2.economiedenergie.fr/conseils-renovation/isolation-thermique/isolations-des-murs/murs-interieurs/;Tout savoir sur l'isolation d'un mur intérieur
https://uatp4auc2.economiedenergie.fr/aide/gerer-votre-dossier-et-vos-donnees-personnelles/Je-me-suis-trompe-sur-la-creation-de-mon-dossier/;Erreur dans mon dossier  : comment la rectifier ?
https://uatp4auc2.economiedenergie.fr/aide/Les-controles-de-travaux/Si-des-non-satisfactions-sont-identifiees-lors-du/;Travaux non conformes, comment bénéficier de la prime ?
https://uatp4auc2.economiedenergie.fr/aide/la-demarche/inscription-suivi-de-dossier/Je-souhaite-obtenir-un-dossier-d-inscription-par/;Inscription prime possible par courrier ?
https://uatp4auc2.economiedenergie.fr/aide/la-demarche/informations-cas-particuliers/La-prime-depend-elle-du-nombre-de-personnes-composant/;Prime Energie Auchan et nombre de personnes du foyer
https://uatp4auc2.economiedenergie.fr/aide/la-demarche/le-versement-de-la-prime/Comment-faire-pour-avoir-la-prime-energie/;Prime Eco Energie Auchan : comment faire pour l’avoir ?
https://uatp4auc2.economiedenergie.fr/aide/les-aides-et-les-financements/Peut-on-cumuler-la-prime-avec-un-credit-bancaire/;Prime Energie : est-elle cumulable avec prêt bancaire ?
https://uatp4auc2.economiedenergie.fr/aide/Les-controles-de-travaux/quelles-sont-les-specificites-des-controles-qualite/;Contrôles qualité : critères pompes à chaleur hybrides
https://uatp4auc2.economiedenergie.fr/aide/la-demarche/inscription-suivi-de-dossier/J-effectue-differents-types-de-travaux-dois-je-remplir/;Prime énergie, faut-il un dossier par type de travaux ?
https://uatp4auc2.economiedenergie.fr/aide/les-caracteristiques-de-la-prime/Comment-va-etre-versee-la-prime/;Prime Eco Energie : comment va-t-elle m’être versée ?
https://uatp4auc2.economiedenergie.fr/aide/qui-peut-beneficier-de-la-prime/Je-declare-mes-revenus-a-l-etranger-puis-je-beneficier/;Revenus déclarés à l’étranger : ai-je droit au Bonus ?
https://uatp4auc2.economiedenergie.fr/aide/les-aides-et-les-financements/Pourquoi-les-primes-sont-differentes-d-une-enseigne-a/;Les primes Energie varient selon l’enseigne, pourquoi ?
https://uatp4auc2.economiedenergie.fr/aide/le-choix-de-l-artisan/Pour-quel-type-de-travaux-dois-je-avoir-recours-a-un/;Recours à un artisan RGE, pour quels types de travaux ?
https://uatp4auc2.economiedenergie.fr/aide/le-dispositif/Quel-est-le-montant-de-MaPrimeRenov/;MaPrimeRénov : quel est le montant auquel j’ai droit ?
https://uatp4auc2.economiedenergie.fr/aide/L-offre-Coup-de-pouce-Economies-d-Energie/Jusqu-a-quand-est-valable-la-prime-coup-de-pouce/;Coup de Pouce Chauffage, jusqu’à quand est-il valable ?
https://uatp4auc2.economiedenergie.fr/aide/les-caracteristiques-de-la-prime/La-prime-est-elle-cumulable-pour-plusieurs-travaux/;Plusieurs types de travaux, la prime est cumulable ?
https://uatp4auc2.economiedenergie.fr/aide/la-demarche/informations-cas-particuliers/Pouvez-vous-me-donner-vos-tarifs/;Travaux d’économie d’énergie : quels sont vos tarifs ?
https://uatp4auc2.economiedenergie.fr/mentions-legales-et-cgu_applicable_jusqu_au_05_03_2020/;Mentions légales et CGU jusqu'au 05/03/2020 - Prime Energie Auchan
https://uatp4auc2.economiedenergie.fr/aide/les-aides-et-les-financements/Peut-on-cumuler-la-prime-avec-les-aides-de-l-ANAH/;Prime Eco Energie Auchan et aides ANAH : quel cumul ?
https://uatp4auc2.economiedenergie.fr/aide/travaux-eligibles/fenetres/La-pose-d-une-fenetre-fixe-qui-ne-s-ouvre-pas-est-elle/;Prime Eco Energie Auchan : éligibilité fenêtre fixe ?
https://uatp4auc2.economiedenergie.fr/aide/attestation-sur-l-honneur/Lors-de-mon-inscription-j-ai-indique-mon-nom-il-se/;Nom différent sur Attestation et facture : quoi faire ?
https://uatp4auc2.economiedenergie.fr/aide/les-delais-a-respecter/le-depot-de-dossier/Pourquoi-le-programme-Auchan-est-il-amene-a-continuer/;Prime Energie Auchan : pourquoi va-t-elle continuer ?
https://uatp4auc2.economiedenergie.fr/aide/le-choix-de-l-artisan/Comment-trouver-un-artisan-certifie/;Artisan certifié RGE : comment puis-je en trouver un ?
https://uatp4auc2.economiedenergie.fr/aide/le-choix-de-l-artisan/Mon-installateur-a-deja-un-partenariat-avec-un/;Concurrent partenaire de mon installateur : que faire ?
https://uatp4auc2.economiedenergie.fr/aide/travaux-eligibles/isolation/L-isolation-des-toitures-terrasses-est-elle-eligible/;Isolation toiture terrasse de maison: est-ce éligible ?
https://uatp4auc2.economiedenergie.fr/aide/le-choix-de-l-artisan/Puis-je-avoir-recours-a-un-artisan-etranger/;Artisan étranger : ai-je le droit à la prime Energie ?
https://uatp4auc2.economiedenergie.fr/aide/le-bonus-eco-energie-2/Je-n-ai-jamais-fait-de-declaration-d-impot-que-dois-je/;Bonus énergie : éligibilité sans déclaration d’impôt ?
https://uatp4auc2.economiedenergie.fr/aide/travaux-eligibles/chaudieres/Le-changement-d-une-chaudiere-collective-est-il-une/;Chaudière collective : éligible à la Prime Eco Energie
https://uatp4auc2.economiedenergie.fr/aide/le-choix-de-l-artisan/Si-je-fais-les-travaux-moi-meme-ai-je-droit-a-la-prime/;Eligibilité prime si je fais les travaux moi-même ?
https://uatp4auc2.economiedenergie.fr/aide/Les-controles-de-travaux/les-specificites-des-controles-qualite-pour-les-pompes/;Pompes à chaleur air/eau ou eau/eau : quels contrôles ?
https://uatp4auc2.economiedenergie.fr/aide/qui-peut-beneficier-de-la-prime/Une-copropriete-peut-elle-beneficier-de-la-prime/;Prime Energie: une copropriété est-elle éligible ?
https://uatp4auc2.economiedenergie.fr/aide/gerer-votre-dossier-et-vos-donnees-personnelles/Transmettez-vous-mes-informations-a-l-Etat/;Prime Energie: communication de mes données à l’Etat ?
https://uatp4auc2.economiedenergie.fr/aide/travaux-eligibles/isolation/Dans-quels-cas-la-pose-d-un-pare-vapeur-est-elle/;Pare-vapeur : faut-il en poser un pour la prime ? 
https://uatp4auc2.economiedenergie.fr/aide/travaux-eligibles/isolation/Dans-quels-cas-la-pose-de-deflecteurs-de-toiture-est/;Déflecteurs de toiture : en faut-il pour la prime ?
https://uatp4auc2.economiedenergie.fr/aide/Les-controles-de-travaux/En-quoi-consiste-le-controle-des-travaux-d-isolation/;Contrôle qualité isolation : en quoi consiste-t-il ?
https://uatp4auc2.economiedenergie.fr/aide/le-bonus-eco-energie-2/Quel-document-dois-je-fournir-pour-justifier-de-mes/;Justifier mon revenu fiscal : quels documents fournir ?
https://uatp4auc2.economiedenergie.fr/aide/travaux-eligibles/chaudieres/L-installation-de-robinets-thermostatiques-est-elle/;Robinets thermostatiques : éligibles prime énergie ?
https://uatp4auc2.economiedenergie.fr/aide/Les-controles-de-travaux/Les-controles-qualite-de-vos-travaux/;Contrôle qualité de vos travaux : en quoi il consiste ?
https://uatp4auc2.economiedenergie.fr/aide/les-delais-a-respecter/le-depot-de-dossier/Jusqu-a-quelle-date-puis-je-effectuer-mes-travaux/;Prime Energie : quel délai pour effectuer mes travaux ?
https://uatp4auc2.economiedenergie.fr/aide/la-demarche/inscription-suivi-de-dossier/J-ai-achete-moi-meme-le-materiel-mais-je-l-ai-fait/;Achat matériel par moi mais pose par artisan : éligible ?
https://uatp4auc2.economiedenergie.fr/aide/travaux-eligibles/pompes-a-chaleur/Quelle-prime-pour-l-installation-d-une-pompe-a-chaleur/;Installation d’une pompe à chaleur : quelles aides ?
https://uatp4auc2.economiedenergie.fr/aide/travaux-eligibles/isolation/Je-signe-mon-devis-a-partir-du-1er-septembre-2020/;Signature devis après 01-09-2020 : quels impacts ?
https://uatp4auc2.economiedenergie.fr/aide/L-offre-Coup-de-pouce-Economies-d-Energie/Qu-est-ce-qu-un-foyer-fiscal-2019/;Remplacement chaudière à condensation : éligible ?
https://uatp4auc2.economiedenergie.fr/aide/travaux-eligibles/fenetres/La-pose-d-une-porte-de-garage-est-elle-une-operation/;Prime énergie : la porte de garage est-elle éligible ?
https://uatp4auc2.economiedenergie.fr/aide/questions-techniques-et-connexion-au-site/Je-n-ai-pas-recu-mes-identifiants/;Identifiants prime éco-énergie non reçus : quoi faire ?
https://uatp4auc2.economiedenergie.fr/aide/travaux-eligibles/pompes-a-chaleur/La-pose-d-une-pompe-a-chaleur-pour-l-eau-chaude/;Pompe à chaleur pour eau chaude sanitaire : éligible ?
https://uatp4auc2.economiedenergie.fr/aide/les-aides-et-les-financements/Puis-je-m-adresser-au-Guichet-Unique-pour-obtenir-des/;Guichet unique France Rénov, informez-vous sur la prime
https://uatp4auc2.economiedenergie.fr/aide/attestation-sur-l-honneur/Qu-est-ce-qu-une-attestation-sur-l-honneur/;Attestation sur l’Honneur : de quoi s’agit-il ? 
https://uatp4auc2.economiedenergie.fr/aide/questions-techniques-et-connexion-au-site/Je-me-suis-inscrit-et-je-ne-retrouve-plus-mes/;Identifiants prime éco-énergie perdus : quoi faire ?
https://uatp4auc2.economiedenergie.fr/aide/la-demarche/informations-cas-particuliers/Quels-sont-les-criteres-d-habitation-eligible-a-la/;Prime Eco Energie Auchan : type d’habitation éligible ?
https://uatp4auc2.economiedenergie.fr/aide/Les-controles-de-travaux/En-combien-de-temps-ma-prime-sera-versee-suite-au/;Versement de ma prime énergie : sous combien de temps ?
https://uatp4auc2.economiedenergie.fr/aide/le-choix-de-l-artisan/Comment-savoir-si-un-artisan-est-bien-declare/;Artisan déclaré : comment puis-je savoir ?
https://uatp4auc2.economiedenergie.fr/aide/la-demarche/informations-cas-particuliers/Qui-prend-en-charge-les-frais-d-envoi-du-dossier/;Envoi du dossier prime Energie : qui paye les frais ?
https://uatp4auc2.economiedenergie.fr/aide/travaux-eligibles/autres-travaux/L-installation-d-une-sonde-de-temperature-exterieure-1517636/;Sonde de température extérieure : éligible à la prime ?
https://uatp4auc2.economiedenergie.fr/aide/les-aides-et-les-financements/Peut-on-cumuler-la-prime-avec-d-autres-primes-du-meme/;Prime éco énergie et primes de même type : quel cumul ?
https://uatp4auc2.economiedenergie.fr/aide/attestation-sur-l-honneur/article/l-aft-stipule-que-je-ne-dois-pas/;Qui sont les autres acteurs stipulés dans l’Attestation
https://uatp4auc2.economiedenergie.fr/conseils-renovation/chauffage-economique/le-chauffage-au-bois/Ce-qu-il-faut-savoir-sur-le_poele_a_bois/;Fonctionnement du poêle à granulés et du chauffage bois
https://uatp4auc2.economiedenergie.fr/espace-installateur/ma-documentation/isolation-thermique-1/isolation-toitures-terrasses/;Isolation de toiture-terrasse : quelle mention RGE obligatoire ?
https://uatp4auc2.economiedenergie.fr/espace-installateur/ma-documentation/isolation-thermique-1/isolation-rampants-toiture/;Isolation rampants de toiture : démarches de l’artisan
https://uatp4auc2.economiedenergie.fr/conseils-renovation/chauffage-economique/le-chauffage-au-bois/les-chaudieres-a-biomasse/chaudieres-manuelles-a-buches/;Chaudière biomasse à alimentation automatique: conseils
https://uatp4auc2.economiedenergie.fr/conseils-renovation/chauffage-economique/le-chauffage-au-bois/les-chaudieres-a-biomasse/le-principe-de-l-hydro-accumulation/;Chaudière bois et hydroaccumulation : explications
https://uatp4auc2.economiedenergie.fr/espace-installateur/ma-documentation/chauffage-regulation-1/chauffage-economique-1/chaudiere-biomasse-individuelle/;Chaudière biomasse individuelle: démarches de l’artisan
https://uatp4auc2.economiedenergie.fr/espace-installateur/ma-documentation/chauffage-regulation-1/chauffage-economique-1/chaudiere-haute-performance-energetique-1/;Chaudière de dernière génération : les démarches pro
https://uatp4auc2.economiedenergie.fr/espace-installateur/ma-documentation/energies-renouvelables-1/chauffe-eau-solaire-1/;Installateur : vos démarches pour la pose d'un chauffe-eau solaire
https://uatp4auc2.economiedenergie.fr/espace-installateur/ma-documentation/chauffage-regulation-1/chauffage-economique-1/Pompe-a-chaleur-hybride-individuelle/;Pompe à chaleur hybride individuelle : les démarches pro
https://uatp4auc2.economiedenergie.fr/conseils-renovation/chauffage-economique/le-chauffage-au-bois/les-chaudieres-a-biomasse/chaudieres-bois-a-alimentation-automatique/;Alimentation automatique chaudière biomasse: c’est quoi
https://uatp4auc2.economiedenergie.fr/espace-installateur/ma-documentation/isolation-thermique-1/isolation-combles-perdus/;Isolation combles perdus :  démarches pour l’artisan
https://uatp4auc2.economiedenergie.fr/espace-installateur/ma-documentation/chauffage-regulation-1/chauffage-economique-1/Poele-a-bois-a-granules-a-buches-ou-cheminee-a-foyer/;Chauffage au bois : la documentation pour les pros
https://uatp4auc2.economiedenergie.fr/espace-installateur/ma-documentation/isolation-thermique-1/fenetre-porte-fenetre/;Isolation des fenêtres et portes-fenêtres : les démarches pro
https://uatp4auc2.economiedenergie.fr/espace-installateur/ma-documentation/chauffage-regulation-1/chauffage-economique-1/pac-air-eau-eau-eau/;Pompes à chaleur : les démarches pros
